Rank ,Title ,Artist,Year ,BPM,Genre,Release Date ,Music Video 
1,Uptown Funk,Mark Ronson ft. Bruno Mars,2015,115,Pop,2014-11-10,1
2,Thinking Out Loud,Ed Sheeran,2015,79,Pop,2014-09-24,1
3,See You Again,Wiz Khalifa ft. Charlie Puth,2015,80,Pop,2015-03-10,1
4,Trap Queen,Fetty Wap,2015,148,Hip-Hop,2014-12-15,1
5,Sugar,Maroon 5,2015,120,Pop,2015-01-13,1
6,Shut Up & Dance,Walk the Moon,2015,128,Pop,2014-09-10,1
7,Blank Space,Taylor Swift,2015,96,Pop,2014-11-10,1
8,Watch Me,Silentó,2015,140,Hip-Hop,2015-05-05,1
9,Earned It,The Weeknd,2015,120,R&B,2014-12-23,1
10,The Hills,The Weeknd,2015,113,R&B,2015-05-27,1
11,Cheerleader (Felix Jaehn Remix),OMI,2015,118,Pop,2015-04-12,1
12,Can't Feel My Face,The Weeknd,2015,108,Pop,2015-06-08,1
13,Love Me Like You Do,Ellie Goulding,2015,95,Pop,2015-01-07,1
14,Take Me to Church,Hozier,2015,129,Pop,2013-09-13,1
15,Bad Blood,Taylor Swift ft. Kendrick Lamar,2015,170,Pop,2015-05-17,1
16,Lean On,Major Lazer & DJ Snake ft. MØ,2015,98,Pop,2015-03-02,1
17,Want to Want Me,Jason Derulo,2015,114,Pop,2015-03-09,1
18,Shake It Off,Taylor Swift,2015,160,Pop,2014-08-18,1
19,Where Are Ü Now,Skrillex & Diplo (Jack Ü) ft. Justin Bieber,2015,139,Pop,2015-02-27,1
20,Fight Song,Rachel Platten,2015,176,Pop,2015-02-19,1
21,679,Fetty Wap ft. Remy Boyz,2015,95,Hip-Hop,2015-06-29,1
22,Lips Are Movin,Meghan Trainor,2015,139,Pop,2014-10-21,1
23,Worth It,Fifth Harmony ft. Kid Ink,2015,100,Pop,2015-01-20,1
24,Post to Be,Omarion ft. Chris Brown & Jhené Aiko,2015,98,R&B,2014-11-11,1
25,"Honey, I'm Good.",Andy Grammer,2015,122,Pop,2014-11-21,1
26,I'm Not the Only One,Sam Smith,2015,82,Pop,2014-08-31,1
27,Good for You,Selena Gomez ft. ASAP Rocky,2015,95,Pop,2015-06-22,1
28,All About That Bass,Meghan Trainor,2015,134,Pop,2014-06-30,1
29,Style,Taylor Swift,2015,95,Pop,2015-02-09,1
30,Hotline Bling,Drake,2015,135,Hip-Hop,2015-07-31,1
31,Hey Mama,"David Guetta ft. Nicki Minaj, Bebe Rexha & Afrojack",2015,86,Pop,2015-03-16,1
32,G.D.F.R.,Flo Rida ft. Sage the Gemini & Lookas,2015,146,Pop,2014-09-29,1
33,What Do You Mean?,Justin Bieber,2015,125,Pop,2015-08-28,1
34,Photograph,Ed Sheeran,2015,108,Pop,2015-05-11,1
35,Hello,Adele,2015,79,Pop,2015-10-23,1
36,Stitches,Shawn Mendes,2015,150,Pop,2015-05-05,1
37,Talking Body,Tove Lo,2015,120,Pop,2015-01-13,1
38,Jealous,Nick Jonas,2015,93,Pop,2014-09-08,1
39,Time of Our Lives,Pitbull & Ne-Yo,2015,124,Pop,2014-11-17,1
40,Locked Away,R. City ft. Adam Levine,2015,118,Pop,2015-06-29,1
41,Somebody,Natalie La Rose ft. Jeremih,2015,105,Pop,2015-01-06,1
42,FourFiveSeconds,"Rihanna, Kanye West & Paul McCartney",2015,103,Pop,2015-01-24,1
43,Centuries,Fall Out Boy,2015,176,Pop,2014-09-09,1
44,My Way,Fetty Wap ft. Monty,2015,120,Hip-Hop,2015-06-01,1
45,Take Your Time,Sam Hunt,2015,80,Country,2014-11-24,1
46,Animals,Maroon 5,2015,190,Pop,2014-08-25,1
47,I Don't Fuck with You,Big Sean ft. E-40,2015,98,Hip-Hop,2014-09-19,1
48,Bitch Better Have My Money,Rihanna,2015,103,Hip-Hop,2015-03-26,1
49,"Flex (Ooh, Ooh, Ooh)",Rich Homie Quan,2015,82,Hip-Hop,2015-02-10,1
50,Nasty Freestyle,T-Wayne,2015,157,Hip-Hop,2015-03-04,1
51,Only,"Nicki Minaj ft. Drake, Lil Wayne & Chris Brown",2015,140,Hip-Hop,2014-12-05,1
52,Elastic Heart,Sia,2015,130,Pop,2014-10-24,1
53,Cool for the Summer,Demi Lovato,2015,114,Pop,2015-07-01,1
54,Renegades,X Ambassadors,2015,90,Pop,2015-06-05,1
55,I Don't Mind,Usher ft. Juicy J,2015,120,R&B,2014-11-18,1
56,Love Me Harder,Ariana Grande & The Weeknd,2015,99,Pop,2014-09-30,1
57,Wildest Dreams,Taylor Swift,2015,140,Pop,2015-08-31,1
58,Stay with Me,Sam Smith,2015,84,Pop,2014-04-14,1
59,You Know You Like It,DJ Snake & AlunaGeorge,2015,98,Pop,2014-08-11,1
60,Uma Thurman,Fall Out Boy,2015,150,Pop,2015-01-20,1
61,7/11,Beyoncé,2015,136,Pop,2014-10-27,1
62,The Heart Wants What It Wants,Selena Gomez,2015,83,Pop,2014-11-24,1
63,Girl Crush,Little Big Town,2015,174,Country,2015-05-19,1
64,Slow Motion,Trey Songz,2015,95,R&B,2015-01-13,1
65,Drag Me Down,One Direction,2015,138,Pop,2015-07-31,1
66,Truffle Butter,Nicki Minaj ft. Drake & Lil Wayne,2015,105,Hip-Hop,2014-11-24,0
67,One Last Time,Ariana Grande,2015,125,Pop,2015-02-10,1
68,Chains,Nick Jonas,2015,152,Pop,2015-01-07,1
69,All Eyes on You,Meek Mill ft. Chris Brown & Nicki Minaj,2015,78,Hip-Hop,2015-06-26,1
70,No Type,Rae Sremmurd,2015,125,Hip-Hop,2014-08-14,1
71,Riptide,Vance Joy,2015,103,Pop,2013-05-21,1
72,Classic Man,Jidenna ft. Roman GianArthur,2015,93,Pop,2015-01-05,1
73,Ex's  &  Oh's,Elle King,2015,140,Pop,2015-07-15,1
74,Dear Future Husband,Meghan Trainor,2015,142,Pop,2015-01-13,1
75,Marvin Gaye,Charlie Puth ft. Meghan Trainor,2015,110,Pop,2015-03-17,1
76,Like I'm Gonna Lose You,Meghan Trainor ft. John Legend,2015,108,Pop,2015-06-23,1
77,Habits (Stay High),Tove Lo,2015,110,Pop,2014-09-24,1
78,The Hanging Tree,James Newton Howard ft. Jennifer Lawrence,2015,121,Pop,2014-11-17,0
79,CoCo,O.T. Genasis,2015,120,Hip-Hop,2014-10-13,1
80,Bang Bang,"Jessie J, Ariana Grande & Nicki Minaj",2015,150,Pop,2014-07-29,1
81,Lay Me Down,Sam Smith,2015,123,Pop,2015-01-13,1
82,Tuesday,ILoveMakonnen ft. Drake,2015,150,Hip-Hop,2014-09-12,1
83,Hit the Quan,iLoveMemphis,2015,160,Hip-Hop,2015-06-19,1
84,Downtown,"Macklemore & Ryan Lewis ft. Eric Nally, Melle Mel, Kool Moe Dee & Grandmaster Caz",2015,110,Hip-Hop,2015-09-18,1
85,House Party,Sam Hunt,2015,104,Country,2015-04-14,1
86,Ayo,Chris Brown & Tyga,2015,98,R&B,2014-12-15,1
87,Kick the Dust Up,Luke Bryan,2015,92,Country,2015-05-19,0
88,Blessings,Big Sean ft. Drake & Kanye West,2015,117,Hip-Hop,2014-12-01,1
89,Budapest,George Ezra,2015,128,Pop,2014-02-13,1
90,Chandelier,Sia,2015,117,Pop,2014-03-17,1
91,Heartbeat Song,Kelly Clarkson,2015,149,Pop,2015-03-02,1
92,Don't,Ed Sheeran,2015,95,Pop,2014-06-17,1
93,Ghost,Ella Henderson,2015,103,Pop,2014-10-31,1
94,Here,Alessia Cara,2015,120,Pop,2015-07-31,1
95,Waves (Robin Schulz Remix),Mr Probz,2015,120,Pop,2014-03-01,1
96,El Perdón,Nicky Jam & Enrique Iglesias,2015,90,Pop,2015-06-17,1
97,She Knows,Ne-Yo ft. Juicy J,2015,120,R&B,2014-11-21,1
98,Night Changes,One Direction,2015,120,Pop,2014-11-14,1
99,Back to Back,Drake,2015,174,Hip-Hop,2015-07-31,0
100,How Deep Is Your Love,Calvin Harris & Disciples,2015,122,Pop,2015-07-17,1
1,Love Yourself,Justin Bieber,2016,101,Pop,2015-11-09,1
2,Sorry,Justin Bieber,2016,100,Pop,2015-10-22,1
3,One Dance,Drake,2016,104,Pop,2016-04-05,0
4,Work,Rihanna ft. Drake,2016,92,Pop,2016-01-27,1
5,Stressed Out,Twenty One Pilots,2016,85,Pop,2015-04-28,1
6,Panda,Desiigner,2016,145,Pop,2015-12-15,1
7,Hello,Adele,2016,79,Hip-Hop,2015-10-23,1
8,Don't Let Me Down,The Chainsmokers,2016,160,Pop,2016-02-05,1
9,Can't Stop the Feeling!,Justin Timberlake,2016,113,Pop,2016-05-06,1
10,Closer,The Chainsmokers,2016,95,Pop,2016-07-29,1
11,Cheap Thrills,Sia,2016,90,Pop,2016-02-11,1
12,7 Years,Lukas Graham,2016,120,Pop,2015-09-18,1
13,Needed Me,Rihanna,2016,111,Pop,2016-03-30,1
14,My House,Flo Rida,2016,94,R&B,2015-10-15,1
15,I Took a Pill in Ibiza,Mike Posner,2016,102,Pop,2015-07-24,1
16,Work from Home,Fifth Harmony,2016,105,Pop,2016-02-26,1
17,This Is What You Came For,Calvin Harris,2016,124,Pop,2016-04-29,1
18,Cake by the Ocean,DNCE,2016,119,Pop,2015-09-18,1
19,"Me, Myself & I",G-Eazy & Bebe Rexha,2016,112,Pop,2015-10-14,1
20,Ride,Twenty One Pilots,2016,75,Pop,2015-05-12,1
21,Heathens,Twenty One Pilots,2016,90,Pop,2016-06-16,1
22,Pillowtalk,Zayn,2016,125,Pop,2016-01-29,1
23,Stitches,Shawn Mendes,2016,150,Pop,2015-05-05,1
24,Hotline Bling,Drake,2016,135,Pop,2015-07-31,1
25,Cold Water,Major Lazer,2016,93,Hip-Hop,2016-07-22,0
26,Send My Love,Adele,2016,82,Pop,2016-05-16,1
27,Roses,The Chainsmokers,2016,100,Pop,2015-06-16,1
28,Treat You Better,Shawn Mendes,2016,83,Pop,2016-06-03,1
29,Too Good,Drake,2016,118,Pop,2016-05-15,0
30,Low Life,Future,2016,144,Pop,2016-03-01,1
31,What Do You Mean?,Justin Bieber,2016,125,Hip-Hop,2015-08-28,1
32,The Hills,The Weeknd,2016,113,Pop,2015-05-27,1
33,Just Like Fire,P!nk,2016,82,R&B,2016-04-15,1
34,Broccoli,DRAM,2016,146,Pop,2016-04-06,1
35,Don't,Bryson Tiller,2016,97,Hip-Hop,2015-05-20,1
36,Dangerous Woman,Ariana Grande,2016,134,R&B,2016-03-11,1
37,Jumpman,Drake & Future,2016,142,Pop,2015-09-20,0
38,"I Hate U, I Love U",Gnash,2016,93,Hip-Hop,2016-02-17,1
39,Here,Alessia Cara,2016,120,Pop,2015-04-30,1
40,Same Old Love,Selena Gomez,2016,98,Pop,2015-09-09,1
41,Controlla,Drake,2016,92,Pop,2016-04-05,0
42,Like I'm Gonna Lose You,Meghan Trainor,2016,108,Pop,2015-06-23,1
43,One Call Away,Charlie Puth,2016,91,Pop,2015-08-20,1
44,Let It Go,James Bay,2016,147,Pop,2014-09-15,1
45,No,Meghan Trainor,2016,92,Pop,2016-03-04,1
46,Never Forget You,Zara Larsson,2016,146,Pop,2015-07-22,1
47,Let Me Love You,DJ Snake,2016,100,Pop,2016-08-05,1
48,Don't Mind,Kent Jones,2016,79,Pop,2016-02-16,1
49,H.O.L.Y.,Florida Georgia Line,2016,150,Hip-Hop,2016-04-29,1
50,We Don't Talk Anymore,Charlie Puth,2016,100,Country,2016-05-24,1
51,Into You,Ariana Grande,2016,108,Pop,2016-05-06,1
52,Gold,Kiiara,2016,113,Pop,2015-10-26,1
53,Exchange,Bryson Tiller,2016,160,Pop,2015-09-21,1
54,679,Fetty Wap,2016,95,R&B,2015-06-29,1
55,Oui,Jeremih,2016,97,Hip-Hop,2015-10-30,1
56,Hands to Myself,Selena Gomez,2016,111,R&B,2016-01-26,1
57,2 Phones,Kevin Gates,2016,131,Pop,2015-11-05,1
58,Starboy,The Weeknd,2016,186,Hip-Hop,2016-09-22,1
59,For Free,DJ Khaled,2016,102,R&B,2016-06-03,1
60,Never Be Like You,Flume,2016,120,Hip-Hop,2016-01-16,1
61,In the Night,The Weeknd,2016,112,Pop,2015-11-17,1
62,Me Too,Meghan Trainor,2016,124,R&B,2016-05-05,1
63,Ex's & Oh's,Elle King,2016,140,Pop,2014-09-23,1
64,Die a Happy Man,Thomas Rhett,2016,82,Pop,2015-09-28,1
65,White Iverson,Post Malone,2016,130,Country,2015-08-14,1
66,Close,Nick Jonas,2016,124,Hip-Hop,2016-03-25,1
67,Unsteady,X Ambassadors,2016,103,Pop,2015-10-13,1
68,Sucker for Pain,Lil Wayne,2016,169,Pop,2016-06-24,1
69,Down in the DM,Yo Gotti,2016,170,Hip-Hop,2015-10-27,1
70,Luv,Tory Lanez,2016,145,Hip-Hop,2016-06-27,1
71,Sorry,Beyoncé,2016,130,Pop,2016-05-03,1
72,Can't Feel My Face,The Weeknd,2016,108,Pop,2015-06-08,1
73,Hymn for the Weekend,Coldplay,2016,90,Pop,2016-01-25,1
74,Say It,Tory Lanez,2016,76,Pop,2015-07-31,1
75,Antidote,Travis Scott,2016,120,R&B,2015-07-29,1
76,Lost Boy,Ruth B,2016,124,Hip-Hop,2015-08-21,1
77,Side to Side,Ariana Grande,2016,159,Pop,2016-08-30,1
78,"Sit Still, Look Pretty",Daya,2016,182,Pop,2016-03-29,1
79,Wildest Dreams,Taylor Swift,2016,140,Pop,2015-08-31,1
80,Middle,DJ Snake,2016,105,Pop,2015-10-16,1
81,On My Mind,Ellie Goulding,2016,155,Pop,2015-09-17,1
82,Pop Style,Drake,2016,133,Pop,2016-04-05,0
83,When We Were Young,Adele,2016,144,Hip-Hop,2016-01-22,0
84,Hide Away,Daya,2016,95,Pop,2015-04-22,1
85,Lean On,Major Lazer,2016,98,Pop,2015-03-02,1
86,I Know What You Did...,Shawn Mendes,2016,114,Pop,2015-11-18,1
87,All the Way Up,Fat Joe,2016,95,Pop,2016-03-02,1
88,Watch Me,Silentó,2016,140,Hip-Hop,2015-05-05,1
89,Back to Sleep,Chris Brown,2016,110,Hip-Hop,2015-11-05,1
90,No Limit,Usher,2016,126,R&B,2016-06-09,1
91,Cut It,O.T. Genasis,2016,146,R&B,2015-09-25,1
92,Really Really,Kevin Gates,2016,142,Hip-Hop,2015-10-09,1
93,All In My Head (Flex),Fifth Harmony,2016,95,Hip-Hop,2016-06-23,1
94,Starving,Hailee Steinfeld,2016,100,Pop,2016-07-15,1
95,Adventure of a Lifetime,Coldplay,2016,112,Pop,2015-11-06,1
96,Humble and Kind,Tim McGraw,2016,84,Pop,2016-01-20,1
97,Wicked,Future,2016,155,Country,2016-04-13,1
98,Tiimmy Turner,Desiigner,2016,134,Hip-Hop,2016-07-22,1
99,See You Again,Wiz Khalifa,2016,80,Hip-Hop,2015-03-10,1
100,Perfect,One Direction,2016,100,Pop,2015-10-16,1
1,Shape of You,Ed Sheeran,2017,96,Pop,2017-01-06,1
2,Despacito (Remix),Luis Fonsi ft. Daddy Yankee,2017,89,Pop,2017-04-17,1
3,That's What I Like,Bruno Mars,2017,134,R&B,2017-01-30,1
4,Humble,Kendrick Lamar,2017,150,Hip-Hop,2017-03-30,1
5,Something Just Like This,The Chainsmokers & Coldplay,2017,103,Pop,2017-02-22,1
6,Bad and Boujee,Migos ft. Lil Uzi Vert,2017,127,Hip-Hop,2016-10-28,1
7,Closer,The Chainsmokers ft. Halsey,2017,95,Pop,2016-07-29,1
8,Body Like a Back Road,Sam Hunt,2017,99,Country,2017-02-01,1
9,Believer,Imagine Dragons,2017,125,Pop,2017-02-01,1
10,Congratulations,Post Malone ft. Quavo,2017,123,Hip-Hop,2017-01-31,1
11,Say You Won't Let Go,James Arthur,2017,95,Pop,2016-09-09,1
12,I'm the One,DJ Khaled,2017,162,Pop,2017-04-28,1
13,XO Tour Llif3,Lil Uzi Vert,2017,155,Hip-Hop,2017-02-26,1
14,Mask Off,Future,2017,150,Hip-Hop,2017-04-18,1
15,Unforgettable,French Montana,2017,98,Hip-Hop,2017-04-07,1
16,24K Magic,Bruno Mars,2017,107,R&B,2016-10-07,1
17,Stay,Zedd & Alessia Cara,2017,102,Pop,2017-02-23,1
18,Wild Thoughts,DJ Khaled ft. Rihanna,2017,98,Hip-Hop,2017-06-16,1
19,Black Beatles,Rae Sremmurd,2017,146,Hip-Hop,2016-09-13,1
20,Starboy,The Weeknd,2017,93,R&B,2016-09-21,1
21,Location,Khalid,2017,160,R&B,2016-08-25,1
22,Attention,Charlie Puth,2017,100,Pop,2017-04-21,1
23,There's Nothing Holdin' Me Back,Shawn Mendes,2017,122,Pop,2017-04-20,1
24,Bodak Yellow,Cardi B,2017,125,Hip-Hop,2017-06-16,1
25,Redbone,Childish Gambino,2017,160,R&B,2016-11-17,0
26,I Don't Wanna Live Forever,Zayn & Taylor Swift,2017,118,Pop,2016-12-09,1
27,It Ain't Me,Kygo & Selena Gomez,2017,100,Pop,2017-02-16,1
28,iSpy,Kyle ft. Lil Yachty,2017,150,Hip-Hop,2016-12-02,1
29,Issues,Julia Michaels,2017,114,Pop,2017-01-13,1
30,Scars to Your Beautiful,Alessia Cara,2017,97,Pop,2016-07-26,1
31,1-800-273-8255,Logic ft. Alessia Cara,2017,100,Hip-Hop,2017-04-28,1
32,Slow Hands,Niall Horan,2017,86,Pop,2017-05-04,1
33,Love on the Brain,Rihanna,2017,85,Pop,2016-09-27,0
34,I Feel It Coming,The Weeknd,2017,93,R&B,2016-11-18,1
35,Bounce Back,Big Sean,2017,163,Hip-Hop,2016-10-31,1
36,Strip That Down,Liam Payne,2017,106,Pop,2017-05-19,1
37,Fake Love,Drake,2017,134,Hip-Hop,2016-10-29,0
38,Don't Wanna Know,Maroon 5,2017,100,Pop,2016-10-11,1
39,Look What You Made Me Do,Taylor Swift,2017,128,Pop,2017-08-24,1
40,Castle on the Hill,Ed Sheeran,2017,135,Pop,2017-01-06,1
41,Bad Things,MGK & Camila Cabello,2017,138,Pop,2016-10-14,1
42,Paris,The Chainsmokers,2017,100,Pop,2017-01-13,1
43,Side to Side,Ariana Grande,2017,159,Pop,2016-08-30,1
44,Rockabye,Clean Bandit,2017,102,Pop,2016-10-21,1
45,Feel It Still,Portugal. The Man,2017,158,Pop,2017-03-03,1
46,Let Me Love You,DJ Snake,2017,100,Pop,2016-08-05,1
47,Sorry Not Sorry,Demi Lovato,2017,144,Pop,2017-07-11,1
48,Bank Account,21 Savage,2017,75,Hip-Hop,2017-07-07,1
49,Can't Stop the Feeling!,Justin Timberlake,2017,113,Pop,2016-05-06,1
50,Mi Gente,J Balvin ft. Willy William,2017,105,Pop,2017-06-30,1
51,Thunder,Imagine Dragons,2017,84,Pop,2017-04-27,1
52,T-Shirt,Migos,2017,139,Hip-Hop,2017-01-06,1
53,Rake It Up,Yo Gotti ft. Nicki Minaj,2017,150,Hip-Hop,2017-06-01,1
54,Mercy,Shawn Mendes,2017,148,Pop,2016-08-18,1
55,Tunnel Vision,Kodak Black,2017,86,Hip-Hop,2017-02-17,1
56,Rockstar,Post Malone ft. 21 Savage,2017,160,Hip-Hop,2017-09-15,1
57,In Case You Didn't Know,Brett Young,2017,148,Country,2017-01-09,1
58,Heathens,Twenty One Pilots,2017,90,Pop,2016-06-16,1
59,Now or Never,Halsey,2017,110,Pop,2017-04-04,1
60,Caroline,Aminé,2017,120,Hip-Hop,2016-03-09,1
61,Rolex,Ayo & Teo,2017,145,Hip-Hop,2017-01-13,1
62,DNA,Kendrick Lamar,2017,140,Hip-Hop,2017-04-14,1
63,Juju on That Beat,Zay Hilfigerrr,2017,160,Hip-Hop,2016-09-30,1
64,Swang,Rae Sremmurd,2017,140,Hip-Hop,2016-08-12,1
65,Passionfruit,Drake,2017,112,Pop,2017-03-18,0
66,Loyalty,Kendrick Lamar ft. Rihanna,2017,111,Hip-Hop,2017-04-14,1
67,Praying,Kesha,2017,73,Pop,2017-07-06,1
68,Goosebumps,Travis Scott,2017,130,Hip-Hop,2016-12-13,1
69,Cold,Maroon 5 ft. Future,2017,120,Pop,2017-02-14,1
70,Broccoli,DRAM ft. Lil Yachty,2017,146,Hip-Hop,2016-04-06,1
71,Slide,Calvin Harris,2017,104,Pop,2017-02-23,0
72,What Ifs,Kane Brown,2017,121,Country,2017-02-06,1
73,Chained to the Rhythm,Katy Perry,2017,190,Pop,2017-02-10,1
74,Feels,Calvin Harris,2017,101,Pop,2017-06-15,1
75,All Time Low,Jon Bellion,2017,144,Pop,2016-05-13,1
76,Hurricane,Luke Combs,2017,76,Country,2016-10-03,1
77,Too Good at Goodbyes,Sam Smith,2017,91,Pop,2017-09-08,1
78,Young Dumb & Broke,Khalid,2017,137,R&B,2017-06-13,1
79,Magnolia,Playboi Carti,2017,163,Hip-Hop,2017-04-14,1
80,Love Galore,SZA ft. Travis Scott,2017,135,R&B,2017-04-28,1
81,Drowning,A Boogie wit da Hoodie,2017,129,Hip-Hop,2017-03-10,1
82,Starving,Hailee Steinfeld,2017,100,Pop,2016-07-15,1
83,Both,Gucci Mane ft. Drake,2017,140,Hip-Hop,2016-12-16,0
84,What About Us,P!nk,2017,114,Pop,2017-08-10,1
85,Swalla,Jason Derulo,2017,98,Pop,2017-02-24,1
86,Slippery,Migos ft. Gucci Mane,2017,140,Hip-Hop,2017-01-27,1
87,Sign of the Times,Harry Styles,2017,120,Pop,2017-04-07,1
88,Water Under the Bridge,Adele,2017,95,Pop,2016-11-04,0
89,Malibu,Miley Cyrus,2017,140,Pop,2017-05-11,1
90,Down,Marian Hill,2017,85,Pop,2016-03-04,1
91,No Promises,Cheat Codes ft. Demi Lovato,2017,113,Pop,2017-03-31,1
92,Treat You Better,Shawn Mendes,2017,83,Pop,2016-06-03,1
93,I Get the Bag,Gucci Mane ft. Migos,2017,141,Hip-Hop,2017-08-18,1
94,Small Town Boy,Dustin Lynch,2017,92,Country,2017-02-17,1
95,Everyday We Lit,YFN Lucci,2017,156,Hip-Hop,2016-12-16,1
96,Havana,Camila Cabello,2017,105,Pop,2017-08-03,1
97,What Lovers Do,Maroon 5 ft. SZA,2017,110,Pop,2017-08-30,1
98,Do Re Mi,Blackbear,2017,111,Pop,2017-02-17,1
99,Look at Me!,XXXTentacion,2017,139,Hip-Hop,2015-12-30,1
100,The Fighter,Keith Urban,2017,132,Country,2017-02-06,1
1,God's Plan,Drake,2018,154,Hip-Hop,2018-01-19,1
2,Perfect,Ed Sheeran,2018,95,Pop,2017-09-26,1
3,Meant To Be,Bebe Rexha & Florida Georgia Line,2018,154,Pop,2017-10-24,1
4,Havana,Camila Cabello ft. Young Thug,2018,124,Pop,2017-08-03,1
5,Rockstar,Post Malone ft. 21 Savage,2018,160,Hip-Hop,2017-09-15,1
6,Psycho,Post Malone ft. Ty Dolla $ign,2018,140,Pop,2018-02-23,1
7,I Like It,Cardi B & Bad Bunny & J. Balvin,2018,136,Pop,2018-05-25,1
8,The Middle,Zedd & Maren Morris & Grey,2018,107,Pop,2018-01-23,1
9,In My Feelings,Drake,2018,91,Pop,2018-07-10,1
10,Girls Like You,Maroon 5 ft. Cardi B,2018,125,Pop,2018-05-30,1
11,Nice For What,Drake,2018,94,Hip-Hop,2018-04-06,1
12,Lucid Dreams,Juice WRLD,2018,84,Hip-Hop,2018-05-04,1
13,Better Now,Post Malone,2018,145,Pop,2018-04-27,1
14,Finesse,Bruno Mars & Cardi B,2018,105,Pop,2018-01-04,1
15,Boo'd Up,Ella Mai,2018,164,Hip-Hop,2018-02-20,1
16,New Rules,Dua Lipa,2018,116,Pop,2017-07-21,1
17,SAD!,XXXTentacion,2018,150,Hip-Hop,2018-03-02,1
18,Never Be The Same,Camila Cabello,2018,130,Pop,2017-12-07,1
19,Love Lies,Khalid & Normani,2018,144,Pop,2018-02-14,1
20,No Tears Left To Cry,Ariana Grande,2018,122,Pop,2018-04-20,1
21,Mine,Bazzi,2018,143,Pop,2017-10-12,1
22,Thunder,Imagine Dragons,2018,84,Pop,2017-04-27,1
23,Look Alive,Blocboy JB ft. Drake,2018,140,Hip-Hop,2018-02-09,1
24,Delicate,Taylor Swift,2018,95,Pop,2018-03-12,1
25,Yes Indeed,Lil Baby ft. Drake,2018,120,Hip-Hop,2018-05-18,1
26,Friends,Marshmello & Anne-Marie,2018,95,Pop,2018-02-09,1
27,Bad At Love,Halsey,2018,118,Pop,2017-08-22,1
28,Taste,Tyga ft. Offset,2018,98,Hip-Hop,2018-05-16,1
29,Let You Down,NF,2018,148,Pop,2017-09-14,1
30,No Limit,G-Eazy ft. A$AP Rocky & Cardi B,2018,88,Hip-Hop,2017-09-12,1
31,Fefe,6ix9ine ft. Nicki Minaj,2018,126,Hip-Hop,2018-07-22,1
32,Tequila,Dan + Shay,2018,86,Country,2018-01-10,1
33,Feel It Still,Portugal. The Man,2018,158,Pop,2017-03-03,1
34,Motor Sport,Migos ft. Cardi B & Nicki Minaj,2018,138,Hip-Hop,2017-10-27,1
35,I Like Me Better,Lauv,2018,92,Pop,2017-05-19,1
36,Youngblood,5 Seconds of Summer,2018,120,Pop,2018-04-12,1
37,Whatever It Takes,Imagine Dragons,2018,135,Pop,2017-05-08,1
38,Ric Flair Drip,Offset & Metro Boomin,2018,100,Hip-Hop,2017-10-31,1
39,I Fall Apart,Post Malone,2018,144,Hip-Hop,2017-10-17,1
40,Pray For Me,The Weeknd & Kendrick Lamar,2018,101,Pop,2018-02-02,1
41,Back To You,Selena Gomez,2018,102,Pop,2018-05-10,1
42,Sicko Mode,Travis Scott,2018,155,Hip-Hop,2018-08-03,1
43,Walk It Talk It,Migos ft. Drake,2018,146,Hip-Hop,2018-03-18,1
44,Gucci Gang,Lil Pump,2018,120,Hip-Hop,2017-08-27,1
45,Him & I,G-Eazy & Halsey,2018,88,Pop,2017-12-05,1
46,In My Blood,Shawn Mendes,2018,140,Pop,2018-03-22,1
47,All The Stars,Kendrick Lamar & SZA,2018,97,Hip-Hop,2018-01-04,1
48,Stir Fry,Migos,2018,91,Hip-Hop,2017-12-20,1
49,Too Good At Goodbyes,Sam Smith,2018,92,Pop,2017-09-08,1
50,LOVE.,Kendrick Lamar,2018,126,Hip-Hop,2017-10-02,1
51,This Is America,Childish Gambino,2018,120,Hip-Hop,2018-05-05,1
52,Nonstop,Drake,2018,155,Hip-Hop,2018-06-29,1
53,Heaven,Kane Brown,2018,160,Country,2017-11-13,1
54,Bodak Yellow,Cardi B,2018,125,Hip-Hop,2017-06-16,1
55,Freaky Friday,Lil Dicky ft. Chris Brown,2018,100,Hip-Hop,2018-03-15,1
56,Gummo,6ix9ine,2018,157,Hip-Hop,2017-09-24,1
57,Plug Walk,Rich The Kid,2018,146,Hip-Hop,2018-02-09,1
58,Wait,Maroon 5,2018,125,Pop,2018-01-16,1
59,Be Careful,Cardi B,2018,152,Hip-Hop,2018-03-29,1
60,Wolves,Selena Gomez x Marshmello,2018,125,Pop,2017-10-25,1
61,Bartier Cardi,Cardi B ft. 21 Savage,2018,138,Hip-Hop,2017-12-22,1
62,God Is A Woman,Ariana Grande,2018,145,Pop,2018-07-13,1
63,Big Bank,YG ft. 2 Chainz & Big Sean & Nicki Minaj,2018,102,Hip-Hop,2018-05-25,1
64,Sorry Not Sorry,Demi Lovato,2018,144,Pop,2017-07-11,1
65,How Long,Charlie Puth,2018,110,Pop,2017-10-05,1
66,Lights Down Low,MAX ft. gnash,2018,162,Pop,2016-10-14,1
67,Young Dumb & Broke,Khalid,2018,137,Hip-Hop,2017-06-13,1
68,One Kiss,Calvin Harris & Dua Lipa,2018,124,Pop,2018-04-06,1
69,Natural,Imagine Dragons,2018,100,Pop,2018-07-17,1
70,You Make It Easy,Jason Aldean,2018,132,Country,2018-01-26,1
71,Shape Of You,Ed Sheeran,2018,96,Pop,2017-01-06,1
72,I Get The Bag,Gucci Mane ft. Migos,2018,140,Hip-Hop,2017-08-18,1
73,No Brainer,DJ Khaled ft. Justin Bieber & Chance The Rapper & Quavo,2018,136,Pop,2018-07-27,1
74,Plain Jane,A$AP Ferg,2018,85,Hip-Hop,2017-06-13,1
75,Sky Walker,Miguel ft. Travis Scott,2018,146,Hip-Hop,2017-08-25,1
76,Marry Me,Thomas Rhett,2018,85,Country,2017-11-17,1
77,Eastside,benny blanco & Halsey & Khalid,2018,90,Pop,2018-07-12,1
78,Call Out My Name,The Weeknd,2018,134,Pop,2018-03-30,1
79,King's Dead,Jay Rock ft. Kendrick Lamar & Future,2018,164,Hip-Hop,2018-01-11,1
80,Happier,Marshmello ft. Bastille,2018,100,Pop,2018-08-17,1
81,Te Bote,"Nio Garcia, Casper Magico & Bad Bunny",2018,96,Pop,2018-04-13,1
82,Simple,Florida Georgia Line,2018,100,Country,2018-06-01,1
83,Lemon,N.E.R.D. ft. Rihanna,2018,95,Hip-Hop,2017-11-01,1
84,1-800-273-8255,Logic ft. Alessia Cara & Khalid,2018,100,Pop,2017-04-28,1
85,Say Something,Justin Timberlake ft. Chris Stapleton,2018,97,Pop,2018-01-25,1
86,I'm Upset,Drake,2018,150,Hip-Hop,2018-05-26,1
87,Get Along,Kenny Chesney,2018,93,Country,2018-04-06,1
88,Moonlight,XXXTentacion,2018,138,Hip-Hop,2018-03-16,1
89,What Lovers Do,Maroon 5 ft. SZA,2018,110,Pop,2017-08-30,1
90,X,Nicky Jam & J Balvin,2018,90,Pop,2018-03-02,1
91,Outside Today,YoungBoy Never Broke Again,2018,120,Hip-Hop,2018-01-11,1
92,Trip,Ella Mai,2018,162,Hip-Hop,2018-08-03,1
93,Dura,Daddy Yankee,2018,95,Pop,2018-01-18,1
94,Changes,XXXTentacion,2018,65,Hip-Hop,2018-03-02,1
95,Mercy,Brett Young,2018,106,Country,2017-11-13,1
96,One Number Away,Luke Combs,2018,144,Country,2018-01-08,1
97,Powerglide,Rae Sremmurd,2018,87,Hip-Hop,2018-03-01,1
98,IDGAF,Dua Lipa,2018,97,Pop,2018-01-12,1
99,Mi Gente,J. Balvin & Willy William,2018,105,Pop,2017-06-30,1
100,Believer,Imagine Dragons,2018,125,Pop,2017-02-01,1
1,Old Town Road [Remix],Lil Nas X ft. Billy Ray Cyrus,2019,136,Hip-Hop,2019-04-05,1
2,Sunflower,Post Malone & Swae Lee,2019,90,Pop,2018-10-18,1
3,Without Me,Halsey,2019,170,Pop,2018-10-04,1
4,Bad Guy,Billie Eilish,2019,135,Pop,2019-03-29,1
5,Wow.,Post Malone,2019,100,Hip-Hop,2018-12-24,1
6,Happier,Marshmello & Bastille,2019,100,Pop,2018-08-17,1
7,7 Rings,Ariana Grande,2019,70,Pop,2019-01-18,1
8,Talk,Khalid,2019,136,R&B,2019-02-07,1
9,Sicko Mode,Travis Scott,2019,155,Hip-Hop,2018-08-03,1
10,Sucker,Jonas Brothers,2019,138,Pop,2019-03-01,1
11,High Hopes,Panic! At The Disco,2019,82,Pop,2018-05-23,1
12,Thank U Next,Ariana Grande,2019,107,Pop,2018-11-03,1
13,Truth Hurts,Lizzo,2019,158,Pop,2017-09-19,1
14,Dancing With A Stranger,Sam Smith & Normani,2019,103,Pop,2019-01-11,1
15,Señorita,Shawn Mendes & Camila Cabello,2019,117,Pop,2019-06-21,1
16,I Don't Care,Ed Sheeran & Justin Bieber,2019,102,Pop,2019-05-10,1
17,Eastside,benny blanco Halsey & Khalid,2019,89,Pop,2018-07-12,1
18,Going Bad,Meek Mill ft. Drake,2019,86,Hip-Hop,2018-11-30,1
19,Shallow,Lady Gaga & Bradley Cooper,2019,96,Pop,2018-09-27,1
20,Better,Khalid,2019,98,Pop,2018-09-14,1
21,No Guidance,Chris Brown ft. Drake,2019,93,R&B,2019-06-08,1
22,Girls Like You,Maroon 5 ft. Cardi B,2019,125,Pop,2018-05-30,1
23,Sweet But Psycho,Ava Max,2019,133,Pop,2018-08-17,1
24,Suge,DaBaby,2019,151,Hip-Hop,2019-03-01,1
25,Middle Child,J. Cole,2019,124,Hip-Hop,2019-01-23,1
26,Drip Too Hard,Lil Baby & Gunna,2019,113,Hip-Hop,2018-09-12,1
27,Someone You Loved,Lewis Capaldi,2019,110,Pop,2018-11-08,1
28,Ransom,Lil Tecca,2019,180,Hip-Hop,2019-05-22,1
29,If I Can't Have You,Shawn Mendes,2019,124,Pop,2019-05-03,1
30,Goodbyes,Post Malone ft. Young Thug,2019,150,Pop,2019-07-05,1
31,Zeze,Kodak Black ft. Travis Scott & Offset,2019,98,Hip-Hop,2018-10-12,1
32,Better Now,Post Malone,2019,145,Pop,2018-04-27,1
33,Youngblood,5 Seconds Of Summer,2019,120,Pop,2018-04-12,1
34,Money In The Grave,Drake ft. Rick Ross,2019,101,Hip-Hop,2019-06-15,1
35,Speechless,Dan + Shay,2019,130,Country,2018-05-18,1
36,Break Up With Your Girlfriend I'm Bored,Ariana Grande,2019,170,Pop,2019-02-08,1
37,Please Me,Cardi B & Bruno Mars,2019,134,Pop,2019-02-15,1
38,Money,Cardi B,2019,130,Hip-Hop,2018-10-23,1
39,You Need To Calm Down,Taylor Swift,2019,85,Pop,2019-06-14,1
40,Panini,Lil Nas X,2019,154,Hip-Hop,2019-06-20,1
41,Look Back At It,A Boogie Wit da Hoodie,2019,96,Hip-Hop,2018-12-07,1
42,A Lot,21 Savage,2019,146,Hip-Hop,2018-12-21,1
43,Me!,Taylor Swift ft. Brendon Urie,2019,182,Pop,2019-04-26,1
44,Mia,Bad Bunny ft. Drake,2019,160,Pop,2018-10-11,1
45,Pop Out,Polo G ft. Lil Tjay,2019,168,Hip-Hop,2019-02-01,1
46,Beautiful Crazy,Luke Combs,2019,103,Country,2018-05-04,1
47,Thotiana,Blueface,2019,104,Hip-Hop,2019-01-20,1
48,Lucid Dreams,Juice WRLD,2019,84,Hip-Hop,2018-05-04,1
49,Mo Bamba,Sheck Wes,2019,146,Hip-Hop,2017-06-16,1
50,Beautiful People,Ed Sheeran ft. Khalid,2019,93,Pop,2019-06-28,1
51,Wake Up In The Sky,Gucci Mane Bruno Mars & Kodak Black,2019,80,Hip-Hop,2018-09-14,1
52,Whiskey Glasses,Morgan Wallen,2019,150,Country,2018-07-30,1
53,God's Country,Blake Shelton,2019,140,Country,2019-03-29,1
54,Be Alright,Dean Lewis,2019,126,Pop,2018-06-29,1
55,Pure Water,Mustard & Migos,2019,101,Hip-Hop,2019-01-16,1
56,The Git Up,Blanco Brown,2019,110,Country,2019-05-03,1
57,Taki Taki,DJ Snake ft. Selena Gomez Ozuna & Cardi B,2019,96,Pop,2018-09-28,1
58,Close To Me,Ellie Goulding & Diplo ft. Swae Lee,2019,144,Pop,2018-10-24,1
59,Envy Me,Calboy,2019,149,Hip-Hop,2018-09-13,1
60,You Say,Lauren Daigle,2019,148,Pop,2018-07-13,1
61,Hey Look Ma I Made It,Panic! At The Disco,2019,107,Pop,2018-06-22,1
62,Circles,Post Malone,2019,120,Pop,2019-08-30,1
63,Beer Never Broke My Heart,Luke Combs,2019,76,Country,2019-05-08,1
64,The London,Young Thug J. Cole & Travis Scott,2019,150,Hip-Hop,2019-05-23,1
65,Con Calma,Daddy Yankee ft. Snow,2019,94,Pop,2019-01-24,1
66,Murder On My Mind,YNW Melly,2019,115,Hip-Hop,2017-03-04,1
67,When The Party's Over,Billie Eilish,2019,124,Pop,2018-10-17,1
68,Act Up,City Girls,2019,135,Hip-Hop,2018-11-16,1
69,I Like It,Cardi B Bad Bunny & J Balvin,2019,136,Pop,2018-04-06,1
70,Trampoline,SHAED,2019,127,Pop,2018-05-18,1
71,Leave Me Alone,Flipp Dinero,2019,150,Hip-Hop,2018-09-04,1
72,Breathin,Ariana Grande,2019,100,Pop,2018-08-17,1
73,Bury A Friend,Billie Eilish,2019,120,Pop,2019-01-30,1
74,Close Friends,Lil Baby,2019,135,Hip-Hop,2018-10-05,1
75,Baby Shark,Pinkfong,2019,115,Pop,2016-06-17,1
76,My Type,Saweetie,2019,105,Hip-Hop,2019-06-28,1
77,Worth It,YK Osiris,2019,140,R&B,2019-02-22,1
78,Only Human,Jonas Brothers,2019,94,Pop,2019-06-07,1
79,Knockin' Boots,Luke Bryan,2019,129,Country,2019-03-29,1
80,Trip,Ella Mai,2019,162,R&B,2018-08-03,1
81,Rumor,Lee Brice,2019,140,Country,2018-05-14,1
82,Swervin,A Boogie Wit da Hoodie ft. 6ix9ine,2019,150,Hip-Hop,2018-12-21,1
83,How Do You Sleep?,Sam Smith,2019,111,Pop,2019-07-19,1
84,Baby,Lil Baby & DaBaby,2019,108,Hip-Hop,2019-07-17,1
85,Look What God Gave Her,Thomas Rhett,2019,113,Country,2019-03-01,1
86,Good As You,Kane Brown,2019,150,Country,2018-10-19,1
87,Clout,Offset ft. Cardi B,2019,140,Hip-Hop,2019-02-22,1
88,Love Lies,Khalid & Normani,2019,144,Pop,2018-02-14,1
89,One Thing Right,Marshmello & Kane Brown,2019,88,Country,2019-06-21,1
90,Cash Shit,Megan Thee Stallion ft. DaBaby,2019,130,Hip-Hop,2019-05-17,1
91,Tequila,Dan + Shay,2019,86,Country,2018-01-10,1
92,Shotta Flow,NLE Choppa,2019,120,Hip-Hop,2019-01-17,1
93,Hot Girl Summer,Megan Thee Stallion Nicki Minaj & Ty Dolla $ign,2019,99,Hip-Hop,2019-08-09,1
94,Talk You Out Of It,Florida Georgia Line,2019,144,Country,2018-07-06,1
95,Beautiful,Bazzi ft. Camila Cabello,2019,100,Pop,2018-08-02,1
96,Eyes On You,Chase Rice,2019,97,Country,2018-08-13,1
97,"10,000 Hours",Dan + Shay & Justin Bieber,2019,90,Country,2019-10-04,1
98,Uproar,Lil Wayne,2019,99,Hip-Hop,2018-09-28,1
99,Drew Barrymore,Bryce Vine,2019,118,Pop,2018-02-26,1
100,Saturday Nights,Kane Brown ft. Khalid,2019,93,Country,2018-10-12,1
1,Blinding Lights,The Weeknd,2020,171,Pop,2019-11-29,1
2,Circles,Post Malone,2020,120,Pop,2019-08-30,1
3,The Box,Roddy Ricch,2020,117,Hip-Hop,2020-01-11,1
4,Don't Start Now,Dua Lipa,2020,124,Pop,2019-10-31,1
5,Rockstar,DaBaby featuring Roddy Ricch,2020,90,Hip-Hop,2020-04-17,1
6,Adore You,Harry Styles,2020,99,Pop,2019-12-06,1
7,Life Is Good,Future featuring Drake,2020,142,Hip-Hop,2020-01-10,1
8,Memories,Maroon 5,2020,91,Pop,2019-09-20,1
9,The Bones,Maren Morris,2020,77,Country,2019-02-22,1
10,Someone You Loved,Lewis Capaldi,2020,110,Pop,2018-11-08,1
11,Say So,Doja Cat,2020,111,Pop,2020-01-17,1
12,I Hope,Gabby Barrett featuring Charlie Puth,2020,75,Country,2019-07-29,1
13,Whats Poppin,"Jack Harlow featuring DaBaby, Tory Lanez and Lil Wayne",2020,145,Hip-Hop,2020-01-21,1
14,Dance Monkey,Tones and I,2020,98,Pop,2019-05-10,1
15,Savage,Megan Thee Stallion featuring Beyoncé,2020,169,Hip-Hop,2020-04-07,0
16,Roxanne,Arizona Zervas,2020,117,Pop,2019-10-10,1
17,Intentions,Justin Bieber featuring Quavo,2020,148,Pop,2020-02-07,1
18,Everything I Wanted,Billie Eilish,2020,120,Pop,2019-11-13,1
19,Roses (Imanbek remix),Saint Jhn,2020,122,Pop,2019-09-18,1
20,Watermelon Sugar,Harry Styles,2020,95,Pop,2020-05-18,1
21,Before You Go,Lewis Capaldi,2020,112,Pop,2019-11-19,1
22,Falling,Trevor Daniel,2020,127,Hip-Hop,2018-10-09,1
23,"10,000 Hours",Dan + Shay and Justin Bieber,2020,90,Country,2019-10-04,1
24,WAP,Cardi B featuring Megan Thee Stallion,2020,133,Hip-Hop,2020-08-07,1
25,Ballin',Mustard and Roddy Ricch,2020,97,Hip-Hop,2019-08-20,1
26,Hot Girl Bummer,Blackbear,2020,130,R&B,2019-08-23,1
27,Blueberry Faygo,Lil Mosey,2020,99,Hip-Hop,2020-02-07,1
28,Heartless,The Weeknd,2020,170,R&B,2019-11-27,1
29,Bop,DaBaby,2020,127,Hip-Hop,2019-11-19,1
30,Lose You to Love Me,Selena Gomez,2020,103,Pop,2019-10-23,1
31,Good as Hell,Lizzo,2020,96,Pop,2016-03-08,1
32,Toosie Slide,Drake,2020,82,Hip-Hop,2020-04-03,1
33,Break My Heart,Dua Lipa,2020,113,Pop,2020-03-25,1
34,Chasin' You,Morgan Wallen,2020,97,Country,2019-07-29,1
35,Savage Love (Laxed – Siren Beat),Jawsh 685 and Jason Derulo,2020,150,Pop,2020-06-11,1
36,No Guidance,Chris Brown featuring Drake,2020,93,R&B,2019-06-08,1
37,My Oh My,Camila Cabello featuring DaBaby,2020,105,Pop,2020-01-06,1
38,Dynamite,BTS,2020,114,Pop,2020-08-21,1
39,Go Crazy,Chris Brown and Young Thug,2020,94,R&B,2020-05-19,1
40,High Fashion,Roddy Ricch featuring Mustard,2020,98,Hip-Hop,2020-05-19,1
41,Laugh Now Cry Later,Drake featuring Lil Durk,2020,134,Hip-Hop,2020-08-14,1
42,Woah,Lil Baby,2020,143,Hip-Hop,2019-11-08,1
43,Death Bed,Powfu featuring Beabadoobee,2020,144,Hip-Hop,2020-02-08,1
44,Señorita,Shawn Mendes and Camila Cabello,2020,117,Pop,2019-06-21,1
45,Highest in the Room,Travis Scott,2020,76,Hip-Hop,2019-10-04,1
46,Bad Guy,Billie Eilish,2020,135,Pop,2019-03-29,1
47,Mood,24kGoldn featuring Iann Dior,2020,91,Pop,2020-07-24,1
48,Rain on Me,Lady Gaga and Ariana Grande,2020,123,Pop,2020-05-22,1
49,For the Night,Pop Smoke featuring Lil Baby and DaBaby,2020,126,Hip-Hop,2020-10-03,0
50,Ritmo (Bad Boys for Life),Black Eyed Peas and J Balvin,2020,105,Hip-Hop,2019-10-11,1
51,Heart on Ice,Rod Wave,2020,158,Hip-Hop,2019-05-31,1
52,Nobody but You,Blake Shelton and Gwen Stefani,2020,144,Country,2020-01-21,1
53,Trampoline,Shaed,2020,127,Pop,2018-05-18,1
54,Come & Go,Juice Wrld and Marshmello,2020,145,Pop,2020-07-09,1
55,Truth Hurts,Lizzo,2020,158,Pop,2019-03-22,1
56,If the World Was Ending,JP Saxe featuring Julia Michaels,2020,76,Pop,2019-10-17,1
57,We Paid,Lil Baby and 42 Dugg,2020,135,Hip-Hop,2020-05-01,1
58,Yummy,Justin Bieber,2020,146,Pop,2020-01-03,1
59,One Man Band,Old Dominion,2020,76,Country,2019-06-13,1
60,Got What I Got,Jason Aldean,2020,160,Country,2020-04-06,1
61,Sunday Best,Surfaces,2020,112,Pop,2019-06-12,1
62,Godzilla,Eminem featuring Juice Wrld,2020,166,Hip-Hop,2020-01-31,1
63,Bandit,Juice Wrld and YoungBoy Never Broke Again,2020,180,Hip-Hop,2019-10-04,1
64,Party Girl,StaySolidRocky,2020,130,Hip-Hop,2020-04-21,1
65,Die from a Broken Heart,Maddie & Tae,2020,76,Country,2019-05-06,1
66,Popstar,DJ Khaled featuring Drake,2020,163,Hip-Hop,2020-07-17,1
67,All I Want for Christmas Is You,Mariah Carey,2020,150,Pop,1994-10-29,1
68,One of Them Girls,Lee Brice,2020,96,Country,2020-04-10,1
69,Hard to Forget,Sam Hunt,2020,130,Country,2020-03-20,1
70,One Margarita,Luke Bryan,2020,90,Country,2020-04-13,1
71,Panini,Lil Nas X,2020,154,Hip-Hop,2019-06-20,1
72,Hot,Young Thug featuring Gunna,2020,112,Hip-Hop,2019-08-20,1
73,I Hope You're Happy Now,Carly Pearce and Lee Brice,2020,118,Country,2019-09-27,1
74,Emotionally Scarred,Lil Baby,2020,88,Hip-Hop,2020-04-15,1
75,Suicidal,YNW Melly featuring Juice Wrld,2020,140,Hip-Hop,2019-11-22,1
76,The Bigger Picture,Lil Baby,2020,96,Hip-Hop,2020-06-12,1
77,Only Human,Jonas Brothers,2020,94,Pop,2019-07-02,1
78,The Woo,Pop Smoke featuring 50 Cent and Roddy Ricch,2020,100,Hip-Hop,2020-07-10,1
79,Sum 2 Prove,Lil Baby,2020,124,Hip-Hop,2020-01-09,1
80,Stuck with U,Ariana Grande and Justin Bieber,2020,179,Pop,2020-05-08,1
81,Mood Swings,Pop Smoke featuring Lil Tjay,2020,180,R&B,2020-08-21,1
82,You Should Be Sad,Halsey,2020,111,Pop,2020-01-10,1
83,Dior,Pop Smoke,2020,142,Hip-Hop,2019-02-11,1
84,Supalonely,Benee featuring Gus Dapperton,2020,129,Pop,2019-11-15,1
85,Even Though I'm Leaving,Luke Combs,2020,78,Country,2019-09-09,1
86,The Scotts,The Scotts (Travis Scott and Kid Cudi),2020,130,Hip-Hop,2020-04-24,0
87,Juicy,Doja Cat and Tyga,2020,170,Hip-Hop,2019-03-01,1
88,Be Like That,"Kane Brown, Swae Lee and Khalid",2020,87,Pop,2020-07-10,1
89,Homesick,Kane Brown,2020,97,Country,2019-08-05,1
90,Rags2Riches,Rod Wave featuring ATR Son Son,2020,118,Hip-Hop,2020-04-03,1
91,Bluebird,Miranda Lambert,2020,82,Country,2019-12-09,1
92,Wishing Well,Juice Wrld,2020,150,Hip-Hop,2020-07-28,1
93,Does to Me,Luke Combs featuring Eric Church,2020,113,Country,2020-02-10,1
94,Pussy Fairy (OTW),Jhené Aiko,2020,128,R&B,2020-01-16,1
95,ILY (I Love You Baby),Surf Mesa featuring Emilee,2020,112,Pop,2019-11-26,1
96,More Than My Hometown,Morgan Wallen,2020,126,Country,2020-05-27,1
97,Lovin' on You,Luke Combs,2020,119,Country,2020-06-22,1
98,Said Sum,Moneybagg Yo,2020,127,Hip-Hop,2020-06-30,1
99,Slide,H.E.R. featuring YG,2020,97,R&B,2019-09-27,1
100,Walk Em Down,NLE Choppa featuring Roddy Ricch,2020,84,Hip-Hop,2020-03-19,1
1,Levitating,Dua Lipa,2021,103,Pop,2020-10-01,1
2,Save Your Tears,The Weeknd and Ariana Grande,2021,118,Pop,2020-08-09,1
3,Blinding Lights,The Weeknd,2021,171,Pop,2019-11-29,1
4,Mood,24kGoldn featuring Iann Dior,2021,91,Pop,2020-07-24,1
5,Good 4 U,Olivia Rodrigo,2021,167,Pop,2021-05-14,1
6,Kiss Me More,Doja Cat featuring SZA,2021,111,Pop,2021-04-09,1
7,Leave the Door Open,Silk Sonic (Bruno Mars and Anderson .Paak),2021,148,R&B,2021-03-05,1
8,Drivers License,Olivia Rodrigo,2021,144,Pop,2021-01-08,1
9,Montero (Call Me by Your Name),Lil Nas X,2021,179,Pop,2021-03-26,1
10,Peaches,Justin Bieber featuring Daniel Caesar and Giveon,2021,90,R&B,2021-03-19,1
11,Butter,BTS,2021,110,Pop,2021-05-21,1
12,Stay,The Kid Laroi and Justin Bieber,2021,170,Pop,2021-07-09,1
13,Deja Vu,Olivia Rodrigo,2021,181,Pop,2021-04-01,1
14,Positions,Ariana Grande,2021,144,Pop,2020-10-23,1
15,Bad Habits,Ed Sheeran,2021,126,Pop,2021-06-25,1
16,Heat Waves,Glass Animals,2021,81,Pop,2020-06-29,1
17,Without You,The Kid Laroi,2021,93,Pop,2020-12-18,1
18,Forever After All,Luke Combs,2021,152,Country,2020-10-23,1
19,Go Crazy,Chris Brown and Young Thug,2021,94,R&B,2020-05-19,1
20,Astronaut in the Ocean,Masked Wolf,2021,150,Hip-Hop,2019-06-07,1
21,34+35,Ariana Grande featuring Doja Cat and Megan Thee Stallion,2021,110,Pop,2020-11-03,1
22,What You Know Bout Love,Pop Smoke,2021,84,R&B,2020-10-09,1
23,My Ex's Best Friend,Machine Gun Kelly featuring Blackbear,2021,125,Pop,2020-08-07,1
24,Industry Baby,Lil Nas X and Jack Harlow,2021,150,Hip-Hop,2021-07-23,1
25,Therefore I Am,Billie Eilish,2021,94,Pop,2020-11-12,1
26,Up,Cardi B,2021,166,Hip-Hop,2021-02-05,1
27,Fancy Like,Walker Hayes,2021,80,Country,2021-08-02,1
28,Dakiti,Bad Bunny and Jhay Cortez,2021,110,Pop,2020-10-30,1
29,Best Friend,Saweetie featuring Doja Cat,2021,94,Hip-Hop,2021-01-07,1
30,Rapstar,Polo G,2021,81,Hip-Hop,2021-04-09,1
31,Heartbreak Anniversary,Giveon,2021,130,R&B,2020-02-21,1
32,For the Night,Pop Smoke featuring Lil Baby and DaBaby,2021,126,Hip-Hop,2020-10-03,0
33,Calling My Phone,Lil Tjay and 6lack,2021,105,R&B,2021-02-10,1
34,Beautiful Mistakes,Maroon 5 featuring Megan Thee Stallion,2021,99,Pop,2021-03-03,1
35,Holy,Justin Bieber featuring Chance the Rapper,2021,87,Pop,2020-09-18,1
36,On Me,Lil Baby,2021,78,Hip-Hop,2020-12-04,1
37,You Broke Me First,Tate McRae,2021,124,Pop,2020-04-17,1
38,Traitor,Olivia Rodrigo,2021,101,Pop,2021-08-10,1
39,Back in Blood,Pooh Shiesty featuring Lil Durk,2021,147,Hip-Hop,2020-11-06,1
40,I Hope,Gabby Barrett featuring Charlie Puth,2021,75,Country,2019-07-29,1
41,Dynamite,BTS,2021,114,Pop,2020-08-21,1
42,Wockesha,Moneybagg Yo,2021,82,Hip-Hop,2021-08-10,1
43,You Right,Doja Cat and the Weeknd,2021,129,R&B,2021-06-25,1
44,Beat Box (Remixes),SpotemGottem featuring Pooh Shiesty and DaBaby,2021,160,Hip-Hop,2020-12-18,1
45,Laugh Now Cry Later,Drake featuring Lil Durk,2021,134,Hip-Hop,2020-08-14,1
46,Need to Know,Doja Cat,2021,130,Hip-Hop,2021-08-31,1
47,Wants and Needs,Drake featuring Lil Baby,2021,136,Hip-Hop,2021-03-05,1
48,Way 2 Sexy,Drake featuring Future and Young Thug,2021,136,Hip-Hop,2021-09-03,1
49,Telepatía,Kali Uchis,2021,84,Pop,2020-11-18,1
50,Whoopty,CJ,2021,140,Hip-Hop,2020-07-30,1
51,Lemonade,Internet Money and Gunna featuring Don Toliver and Nav,2021,140,Hip-Hop,2020-08-14,1
52,Good Days,SZA,2021,121,R&B,2020-12-25,1
53,Starting Over,Chris Stapleton,2021,89,Country,2020-08-28,1
54,Body,Megan Thee Stallion,2021,94,Hip-Hop,2020-11-20,1
55,Willow,Taylor Swift,2021,81,Pop,2020-12-11,1
56,Bang!,AJR,2021,140,Pop,2020-02-12,1
57,Better Together,Luke Combs,2021,138,Country,2020-10-12,0
58,You're Mines Still,Yung Bleu featuring Drake,2021,83,R&B,2020-10-16,1
59,Every Chance I Get,DJ Khaled featuring Lil Baby and Lil Durk,2021,150,Hip-Hop,2021-05-11,1
60,Essence,Wizkid featuring Justin Bieber and Tems,2021,104,R&B,2020-10-30,1
61,Chasing After You,Ryan Hurd and Maren Morris,2021,132,Country,2021-02-12,1
62,The Good Ones,Gabby Barrett,2021,90,Country,2020-06-08,1
63,Leave Before You Love Me,Marshmello and Jonas Brothers,2021,120,Pop,2021-05-21,1
64,Glad You Exist,Dan + Shay,2021,104,Country,2021-02-05,1
65,Lonely,Justin Bieber and Benny Blanco,2021,79,Pop,2020-10-16,1
66,Beggin',Måneskin,2021,134,Pop,2017-12-08,1
67,Streets,Doja Cat,2021,90,R&B,2019-11-07,1
68,What's Next,Drake,2021,130,Hip-Hop,2021-03-05,1
69,Famous Friends,Chris Young and Kane Brown,2021,102,Country,2020-11-20,1
70,Lil Bit,Nelly and Florida Georgia Line,2021,120,Country,2020-10-23,1
71,Thot Shit,Megan Thee Stallion,2021,130,Hip-Hop,2021-06-11,1
72,Late at Night,Roddy Ricch,2021,98,Hip-Hop,2021-06-04,1
73,Kings & Queens,Ava Max,2021,130,Pop,2020-03-12,1
74,Anyone,Justin Bieber,2021,116,Pop,2021-01-01,1
75,Track Star,Mooski,2021,130,Hip-Hop,2020-06-17,1
76,Time Today,Moneybagg Yo,2021,137,Hip-Hop,2021-02-03,1
77,Cry Baby,Megan Thee Stallion featuring DaBaby,2021,130,Hip-Hop,2021-02-03,1
78,All I Want for Christmas Is You,Mariah Carey,2021,150,Pop,1994-10-29,1
79,No More Parties,Coi Leray featuring Lil Durk,2021,157,Hip-Hop,2021-02-19,1
80,What's Your Country Song,Thomas Rhett,2021,174,Country,2020-11-11,1
81,One Too Many,Keith Urban and Pink,2021,83,Country,2020-09-16,1
82,Arcade,Duncan Laurence,2021,72,Pop,2019-03-07,1
83,Yonaguni,Bad Bunny,2021,180,Pop,2021-06-04,1
84,Good Time,Niko Moon,2021,138,Country,2020-03-16,1
85,If I Didn't Love You,Jason Aldean and Carrie Underwood,2021,184,Country,2021-07-23,1
86,Knife Talk,Drake featuring 21 Savage and Project Pat,2021,146,Hip-Hop,2021-11-16,1
87,POV,Ariana Grande,2021,132,R&B,2021-03-23,0
88,Just the Way,Parmalee and Blanco Brown,2021,90,Country,2019-12-13,1
89,Take My Breath,The Weeknd,2021,121,Pop,2021-08-06,1
90,We're Good,Dua Lipa,2021,134,Pop,2021-02-11,1
91,Hell of a View,Eric Church,2021,99,Country,2020-11-09,0
92,Rockin' Around the Christmas Tree,Brenda Lee,2021,67,Pop,1958-11-24,1
93,Put Your Records On,Ritt Momney,2021,91,Pop,2020-04-24,1
94,Happier Than Ever,Billie Eilish,2021,81,Pop,2021-07-30,1
95,Single Saturday Night,Cole Swindell,2021,82,Country,2020-05-22,1
96,Things a Man Oughta Know,Lainey Wilson,2021,140,Country,2020-08-24,1
97,Throat Baby (Go Baby),BRS Kash,2021,132,Hip-Hop,2020-07-24,1
98,Tombstone,Rod Wave,2021,84,Hip-Hop,2021-03-23,1
99,Drinkin' Beer. Talkin' God. Amen.,Chase Rice featuring Florida Georgia Line,2021,100,Country,2020-11-13,1
100,Todo de Ti,Rauw Alejandro,2021,128,Pop,2021-05-20,1
1,Heat Waves,Glass Animals,2022,81,Pop,2020-06-29,1
2,As It Was,Harry Styles,2022,174,Pop,2022-04-01,1
3,Stay,The Kid Laroi & Justin Bieber,2022,170,Pop,2021-07-09,1
4,Easy on me,Adele,2022,142,Pop,2021-10-15,1
5,Shivers,Ed Sheeran,2022,141,Pop,2021-09-10,1
6,First Class,Jack Harlow,2022,107,Hip-Hop,2022-04-08,1
7,Big Energy,Latto,2022,106,Hip-Hop,2021-09-24,1
8,Ghost,Justin Bieber,2022,154,Pop,2021-09-10,1
9,Super Gremlin,Kodak Black,2022,73,Hip-Hop,2021-10-30,1
10,Cold Heart (Pnau Remix),Elton John & Dua Lipa,2022,116,Pop,2021-08-13,1
11,Wait for U,Future ft. Drake & Tems,2022,83,Hip-Hop,2022-04-29,1
12,About Damn Time,Lizzo,2022,109,Pop,2022-04-14,1
13,Bad Habits,Ed Sheeran,2022,126,Pop,2021-06-25,1
14,Thats What I want,Lil Nas X,2022,88,Pop,2021-09-17,1
15,Enemy,Imagine Dragons & JID,2022,77,Pop,2021-08-28,1
16,Industry Baby,Lil Nas X & Jack Harlow,2022,150,Hip-Hop,2021-07-23,1
17,ABCDEFU,Gayle,2022,122,Pop,2021-08-13,1
18,Need to Know,Doja Cat,2022,130,Pop,2021-06-25,1
19,Wasted on You,Morgan Wallen,2022,196,Pop,2021-01-08,1
20,Me Porto Bonito,Bad Bunny & Chencho Corleone,2022,92,Pop,2021-05-06,1
21,Woman,Doja Cat,2022,108,R&B,2021-06-25,1
22,Titi Me Pregunto,Bad Bunny,2022,107,Pop,2022-05-06,1
23,Running up That Hill (A Deal with God),Kate Bush,2022,108,Pop,1985-08-05,1
24,We Don't Talk About Bruno,"Carolina Gaitan, Mauro Castillo, Adassa Rhenzy Feilz,  Diane Guerrero,  Stephanie Betriz & the Encanto Cast",2022,206,Pop,2022-01-07,1
25,Late Night Talking,Harry Styles,2022,115,Pop,2022-05-20,1
26,I Like You (A Happier Song),Post Malone ft. Doja Cat,2022,101,Pop,2022-06-03,1
27,You Proof,Morgan Wallen,2022,120,Pop,2022-05-13,1
28,Bad Habit,Steve Lacy,2022,169,R&B,2022-06-29,1
29,Sunroof,Nicky Youre & Dazy,2022,131,Pop,2021-12-04,1
30,One Right Now,Post Malone & the Weeknd,2022,97,Pop,2021-11-05,1
31,Good 4 U,Olivia Rodrigo,2022,167,Pop,2021-05-14,1
32,Numb Little Bug,Em Beihold,2022,85,Pop,2022-01-28,1
33,Jimmy Cooks,Drake ft. 21 Savage,2022,166,Hip-Hop,2022-06-17,1
34,Til You Can't,Cody Johnson,2022,160,Country,2021-06-11,1
35,Fancy Like,Walker Hayes,2022,80,Pop,2022-06-04,1
36,The Kind of Love We Make,Luke Combs,2022,102,Country,2022-05-13,1
37,I Ain't Worried,One Republic,2022,140,Pop,2022-05-13,1
38,Break My Soul,Beyonce,2022,115,Pop,2022-06-20,1
39,Something in the Orange,Zach Bryan,2022,175,Country,2022-04-22,1
40,Save Your Tears,The Weeknd & Ariana Grande,2022,118,Pop,2020-03-20,1
41,Smokin out the Window,Silk Sonic (Bruno Mars & Anderson Paak),2022,82,R&B,2021-11-12,1
42,Levitating,Dua Lipa,2022,103,Pop,2020-03-27,1
43,In a Minute,Lil Baby,2022,103,Hip-Hop,2022-04-08,1
44,Moscow Mule,Bad Bunny,2022,100,Pop,2022-05-08,1
45,You Right,Doja Cat & the Weeknd,2022,129,R&B,2021-06-25,1
46,She Had Me at Heads Carolina,Cole Swindell,2022,135,Country,2021-09-24,1
47,Vegas,Doja Cat,2022,78,Pop,2022-06-24,1
48,Pushin P,Gunna & Future featureing Young Thug,2022,178,Hip-Hop,2022-01-07,1
49,Buy Dirt,Jordan Davis & Luke Bryan,2022,107,Country,2021-05-21,1
50,I Hate U,SZA,2022,107,R&B,2021-12-03,0
51,Boyfriend,Dove Cameron,2022,180,Pop,2022-02-11,1
52,Glimpse of Us,Joji,2022,170,R&B,2022-06-10,1
53,Surface Pressure,Jessica Darrow,2022,180,Pop,2022-01-07,1
54,Fall in Love,Bailey Zimmerman,2022,136,Country,2022-02-11,1
55,Love Nwanititi (Ah ah Ah),CKay,2022,93,Pop,2021-07-20,1
56,Super Freaky Girl,Nicki Minaj,2022,133,Hip-Hop,2022-08-12,1
57,Hrs and Hrs,Muni Long,2022,134,R&B,2021-11-19,1
58,Sand in My Boots,Morgan Wallen,2022,70,Country,2021-06-30,1
59,Mamiii,Becky G & Karol G,2022,94,Pop,2022-02-10,1
60,Knife Talk,Drake ft. 21 Savage & Project Pat,2022,146,Hip-Hop,2021-09-03,1
61,AA,Walker Hayes,2022,104,Country,2021-11-19,1
62,Sweetest Pie,Megan Thee Stalion & Dua Lipa,2022,124,Pop,2022-03-25,1
63,Provenza,Karol G,2022,111,Pop,2022-04-22,1
64,Essence,Wizkid ft. Justin Bieber & Tems,2022,104,Pop,2020-01-30,1
65,All I Want for Christmas Is You,Mariah Carey,2022,150,Pop,1994-11-01,1
66,Bam Bam,Camila Cabello ft. Ed Sheeran,2022,95,Pop,2022-03-25,1
67,5 foot 9,Tyler Hubbard,2022,106,Pop,2022-05-13,1
68,Get Into It (Yuh),Doja Cat,2022,92,Hip-Hop,2021-06-25,1
69,Efecto,Bad Bunny,2022,98,Pop,2022-05-06,1
70,Rock and a Hard Place,Bailey Zimmerman,2022,122,Country,2022-01-07,1
71,Doin This,Luke Combs,2022,115,Country,2021-11-19,1
72,Oh My God,Adele,2022,94,Pop,2021-11-19,1
73,Better Days,"Neiked, Mae Muller & Polo G",2022,100,Pop,2021-09-24,0
74,Meet Me at Our Spot,The Anexiety: Willow & Tyler Cole,2022,95,Pop,2021-10-15,1
75,Fingers Crossed,Lauren Spencer Smith,2022,109,Pop,2022-01-21,1
76,All Too Well (Taylor's Version),Taylor Swift,2022,186,Pop,2021-11-12,1
77,Party,Bad Bunny & Rauw Alejandro,2022,97,Pop,2021-11-05,1
78,Despues de la Playa,Bad Bunny,2022,78,Pop,2022-05-06,1
79,You Should Probably Leave,Chris Stapleton,2022,184,Country,2021-11-05,0
80,Rockin Around the Christmas Tree,Brenda Lee,2022,67,Pop,1958-11-19,1
81,Broadway Girls,Lil Durk ft. Morgan Wallen,2022,75,Country,2021-12-17,1
82,Take My Name,Parmalee,2022,164,Pop,2022-03-04,1
83,What Happened to Virgil,Lil Durk ft. Gunna,2022,140,Hip-Hop,2019-08-23,1
84,Puffin on Zootiez,Future,2022,125,Hip-Hop,2022-01-07,1
85,Like I Love Country Music,Kane Brown,2022,125,Pop,2022-03-11,1
86,Jingle Bell Rock,Bobby Helms,2022,120,Pop,1957-10-28,0
87,Ojitos Lindos,Bad Bunny & Bomba Estero,2022,80,Pop,2022-05-06,1
88,Trouble with a Heartbreak,Jason Aldean,2022,136,Country,2022-01-28,1
89,A Holly Jolly Christmas,Burl Ives,2022,140,Pop,1965-10-01,0
90,Kiss Me More,Doja Cat ft. SZA,2022,111,Pop,2021-04-09,1
91,She Likes It,Russell Dickerson ft. Jake Scott,2022,127,Pop,2022-01-21,1
92,Never Say Never,Cole Swindell & Lainey Wilson,2022,140,Country,2010-04-12,1
93,Damn Strait,Scotty McCreery,2022,144,Country,2022-04-08,1
94,She All I Wanna Be,Tate McRae,2022,160,Pop,2022-01-28,1
95,Last Night Lonely,Jon Pardi,2022,103,Country,2022-03-25,1
96,Flower Shops,Ernest ft. Morgan Wallen,2022,128,Country,2021-12-31,1
97,To the Moon,Jnr Choi & Sam Tompkins,2022,144,Hip-Hop,2020-07-24,1
98,Unholy,Sam Smith & Kim Petras,2022,131,Pop,2022-09-22,1
99,One Mississippi,Kane Brown,2022,100,Country,2021-01-29,1
100,Circles Around This Town,Maren Morris,2022,150,Country,2022-01-07,1
1,Last Night,Morgan Wallen,2023,102,Pop,2023-02-06,1
2,Flowers,Miley Cyrus,2023,118,Pop,2023-01-12,1
3,Kill Bill,SZA,2023,89,Pop,2023-01-10,1
4,Anti Hero,Taylor Swift,2023,97,Pop,2022-10-21,1
5,Creepin,"Metro Boomin, the Weeknd & 21 Savage",2023,70,R&B,2023-01-27,0
6,Calm Down,Rema & Selena Gomez,2023,107,Pop,2022-02-11,1
7,Die for you,The Weeknd & Ariana Grande,2023,134,R&B,2023-02-24,0
8,Fast Car,Luke Combs,2023,97,Country,2023-04-18,0
9,Snooze,SZA,2023,143,R&B,2023-04-25,1
10,Im Good (Blue),David Guetta & Bebe Rexha,2023,128,Pop,2022-08-26,1
11,Unholy,Sam Smith & Kim Petras,2023,131,Pop,2022-09-22,1
12,You Proof,Morgan Wallen,2023,104,Country,2022-07-18,1
13,Something in Orange,Zach Bryan,2023,84,Country,2022-04-22,1
14,Rich Flex,Drake & 21 Savage,2023,128,Hip-Hop,2022-11-11,1
15,As it Was,Harry Styles,2023,174,Pop,2022-04-01,1
16,Rock and a Hard Place,Bailey Zimmerman,2023,76,Country,2022-05-10,1
17,Under the Influence,Chris Brown,2023,93,R&B,2022-09-06,1
18,Cruel Summer,Taylor Swift,2023,170,Pop,2022-05-20,1
19,Thinkin' Bout Me,Morgan Wallen,2023,100,Country,2023-09-07,1
20,Boy's a Liar Pt.2,PinkPantheress & Ice Spice,2023,132,Pop,2023-02-03,1
21,Favorite Song,Toosii,2023,80,R&B,2023-02-17,1
22,Thought You Should Know,Morgan Wallen,2023,76,Country,2022-11-07,1
23,Thank God,Kane Brown & Katelyn Brown,2023,94,Country,2022-09-12,1
24,Sure Thing,Miguel,2023,80,R&B,2010-11-26,1
25,All My Life,Lil Durk ft. J.Cole,2023,88,Hip-Hop,2023-05-12,1
26,Ella Balila Sola,Elsabon Armando & Peso Pluma,2023,100,Pop,2023-03-17,1
27,Karma,Taylor Swift ft. Ice Spice e,2023,90,Pop,2023-05-01,1
28,Just Wanna Rock,Lil Uzi Vert,2023,150,Pop,2022-08-17,1
29,Cuff It,Beyonce,2023,115,Pop,2022-09-30,1
30,Vampire,Olivia Rodrigo,2023,138,Pop,2023-06-30,0
31,FukUMena,Gunna,2023,120,Hip-Hop,2023-07-11,1
32,Lavender Haze,Taylor Swift,2023,97,Pop,2022-11-29,1
33,Players,Coi Leray,2023,121,Hip-Hop,2022-11-30,1
34,Need a Favor,Jelly Roll,2023,144,Country,2022-12-09,1
35,Dance the Night,Dua Lipa,2023,110,Pop,2023-05-23,1
36,Love You Anyway,Luke Combs,2023,78,Country,2023-02-10,1
37,One Thing at a Time,Morgan Wallen,2023,76,Country,2023-03-13,1
38,Superhero (Heros & Villians),"Metro Boomin, Future & Chris Brown",2023,80,Hip-Hop,2022-12-02,1
39,Bad Habit,Steve Lacy,2023,145,R&B,2022-06-29,1
40,La Bebe,Yng Lvcas & Peso Pluma,2023,92,Pop,2021-12-24,1
41,Golden Hour,Jvke,2023,84,Pop,2022-07-15,1
42,Religously,Bailey Zimmerman,2023,72,Country,2023-03-17,1
43,Spin Bout U,Drake & 21 Savage,2023,142,Hip-Hop,2023-02-24,1
44,Cupid,Fifty Fifty,2023,120,Pop,2023-02-24,1
45,Search and Rescue,Drake,2023,142,R&B,2023-04-07,1
46,Barbie World,Niki Minaj & Ice Spice with Aqua,2023,135,Hip-Hop,2023-06-23,1
47,Next Thing You Know,Jordan Davis,2023,76,Country,2022-08-12,1
48,Escapism,Raye ft. 070 Shake,2023,96,R&B,2022-10-12,1
49,Un x100to,Grupo Frontera & Bad Bunny,2023,83,Pop,2023-04-17,1
50,Until I Found You,Stephen Sanchez,2023,101,Pop,2021-09-01,1
51,Shirt,SZA,2023,120,R&B,2022-10-28,0
52,Pain the Town Red,Doja Cat,2023,100,Hip-Hop,2023-08-04,1
53,Made You Look,Megan Trainor,2023,145,Pop,2022-10-31,1
54,Wait in the Truck,Hardy ft. Lainey Wilson,2023,76,Country,2022-08-29,1
55,All I Want Christmas Is You,Mariah Carey,2023,150,Pop,1994-10-29,1
56,Everything I Love,Morgan Wallen,2023,84,Country,2023-06-26,1
57,Chemical,Post Malone,2023,90,Pop,2023-04-14,1
58,Heart Like a Truck,Lainey Wilson,2023,92,Country,2022-05-20,1
59,"Going, Going, Gone",Luke Combs,2023,112,Country,2022-10-24,1
60,Rockin Around the Christmas Tree,Brenda Lee,2023,140,Pop,1958-11-24,1
61,Dancin in the Country,Tyler Hubbard,2023,118,Country,2022-11-21,1
62,Daylight,David Kushner,2023,120,Pop,2023-04-14,1
63,Lift me Up,Rihanna,2023,86,R&B,2022-10-28,1
64,Eyes Closed,Ed Sheeran,2023,123,Pop,2023-03-24,1
65,TQG,Karol G & Shakira,2023,92,Pop,2023-02-24,1
66,Try That in a Small Town,Jason Aldean,2023,80,Country,2023-05-22,1
67,Tennessee Orange,Megan Moroney,2023,92,Country,2022-12-05,1
68,Jingle Bell Rock,Bobby Helms,2023,120,Pop,1957-11-28,0
69,Princess Diana,Ice Spice adn Niki Minaj,2023,146,Hip-Hop,2023-04-14,0
70,Tomorrow 2,GloRilla adn Cardi B,2023,84,Hip-Hop,2022-09-23,1
71,A Holly Jolly Christmas,Burl Ives,2023,140,Pop,1965-10-01,1
72,Where She Goes,Bad Bunny,2023,97,Hip-Hop,2023-05-18,1
73,Bebe Dame,Fuerza Regida & Grupo Frontera,2023,90,Pop,2022-12-16,1
74,I Remember Everything,Zach Bryan ft. Kacey Musgraves,2023,78,Country,2023-09-08,1
75,I Like You (A Happier Song),Post Malone ft. Doja Cat,2023,101,R&B,2022-06-03,1
76,What It Is (Block Boy),Doechii ft. Kodak Black,2023,122,Hip-Hop,2023-03-17,1
77,Nobody Gets Me,SZA,2023,112,Country,2023-01-06,1
78,Rich Men North of Richmond,Oliver Anthony Music,2023,76,Country,2023-08-08,1
79,Super Freaky Girl,Niiki Minaj,2023,133,Hip-Hop,2022-08-12,1
80,Dial Drunk,Noah Kahan & Post Malone,2023,140,Pop,2023-07-17,1
81,What Was I Made For,Billie Eilish,2023,78,Pop,2023-07-13,1
82,Seven,Jung Kook ft. Latto,2023,125,Pop,2023-07-14,1
83,Wait for U,Future ft. Drake & Tems,2023,154,Hip-Hop,2022-05-03,1
84,Last Christmas,Wham!,2023,108,Pop,1984-12-03,1
85,Handle on You,Parker McCollum,2023,80,Country,2022-08-15,1
86,Por Las Noches,Peso Pluma,2023,90,Pop,2021-06-11,1
87,Memory Lane,Old Dominion,2023,76,Country,2023-01-05,1
88,Area Codes,Kaliii,2023,142,Hip-Hop,2023-03-17,1
89,Bury Me in Georgia,Kane Brown,2023,88,Country,2023-03-31,1
90,PRC,Peso Pluma & Natanael Cano,2023,92,Pop,2023-01-24,1
91,What My World Spins Around,Jordan Davis,2023,94,Country,2023-05-27,1
92,Aint That Some,Morgan Wallen,2023,76,Country,2023-03-03,0
93,Wild as Her,Corey Kent,2023,84,Country,2022-07-18,1
94,Peaches & Eggplants,Young Nudy ft. 21 Savage,2023,140,Hip-Hop,2023-05-16,1
95,I Wrote the Book,Morgan Wallen,2023,140,Country,2023-01-31,0
96,"Bzerp Music Sessions, Vol. 53",Bizarrap & Shakira,2023,123,Pop,2023-01-11,1
97,Meltdown,Travis Scott ft. Drake,2023,140,Hip-Hop,2023-08-15,1
98,Put It on da Floor Again,Latto ft. Drake,2023,130,Hip-Hop,2023-04-21,0
99,Bloody Mary,Lady Gaga,2023,124,Pop,2022-12-02,0
100,Watermelon Moonshine,Lainey Wilson,2023,84,Country,2023-05-30,1
1,Lose Control,Teddy Swims,2024,160,R&B,2023-06-23,0
2,A Bar Song (Tipsy),Shaboozey,2024,81,Country ,2024-04-12,1
3,Beautiful Things,Benson Boone,2024,105,Pop ,2024-01-19,1
4,I Had Some Help,Post Malone featuring Morgan Wallen,2024,128,Country ,2024-05-10,1
5,Lovin on Me,Jack Harlow,2024,105,Pop,2023-11-10,1
6,Not Like Us,Kendrick Lamar,2024,101,Hip-Hop,2024-05-04,1
7,Espresso,Sabrina Carpenter,2024,104,Pop,2024-04-11,1
8,Million Dollar Baby,Tommy Richman,2024,138,R&B,2024-04-26,1
9,I Remember Everything,Zach Bryan featuring Kacey Musgraves,2024,78,Country,2023-09-08,0
10,Too Sweet,Hozier,2024,117,Pop,2024-03-22,1
11,Stick Season,Noah Kahan,2024,118,Country ,2022-07-08,1
12,Cruel Summer,Taylor Swift,2024,170,Pop,2023-06-20,1
13,Greedy,Tate McRae,2024,127,R&B,2023-09-15,1
14,Like That,"Future, Metro Boomin and Kendrick Lamar",2024,162,Hip-Hop,2024-03-26,1
15,Birds of a Feather,Billie Eilish,2024,105,Pop,2024-05-17,1
16,Please Please Please,Sabrina Carpenter,2024,107,Country,2024-06-06,1
17,Agora Hills,Doja Cat,2024,123,Hip-Hop,2023-10-31,1
18,"Good Luck, Babe!",Chappell Roan,2024,117,Pop,2024-04-05,1
19,Saturn,SZA,2024,89,R&B,2024-02-23,1
20,Snooze,SZA,2024,143,R&B,2023-04-25,1
21,Paint the Town Red,Doja Cat,2024,100,Hip-Hop,2023-08-04,1
22,Fortnight,Taylor Swift featuring Post Malone,2024,192,Pop,2024-04-19,1
23,Fast Car,Luke Combs,2024,98,Country,2023-04-18,0
24,Water,Tyla,2024,117,R&B,2023-07-28,1
25,Feather,Sabrina Carpenter,2024,124,Pop,2023-08-04,1
26,We Can't Be Friends (Wait for Your Love),Ariana Grande,2024,116,Pop,2024-03-08,1
27,Austin,Dasha,2024,115,Country,2023-11-17,1
28,Last Night,Morgan Wallen,2024,204,Country,2023-01-31,0
29,Cowgirls,Morgan Wallen featuring Ernest,2024,172,Country,2024-04-15,0
30,Pink Skies,Zach Bryan,2024,85,Country,2024-05-24,1
31,Thinkin' Bout Me,Morgan Wallen,2024,140,Country,2023-09-07,0
32,Texas Hold 'Em,Beyoncé,2024,110,Country,2024-02-11,1
33,Is It Over Now?,Taylor Swift,2024,100,Pop,2023-10-31,1
34,Miles on It,Marshmello and Kane Brown,2024,130,Country,2024-05-03,1
35,I Can Do It with a Broken Heart,Taylor Swift,2024,130,Pop,2024-07-02,1
36,Wild Ones,Jessie Murph and Jelly Roll,2024,136,Country,2023-10-06,1
37,Ain't No Love in Oklahoma,Luke Combs,2024,142,Country,2024-05-20,1
38,Carnival,¥$ (Kanye West and Ty Dolla Sign) featuring Rich the Kid and Playboi Carti,2024,148,Hip-Hop,2024-02-15,1
39,Houdini,Eminem,2024,127,Hip-Hop,2024-05-31,1
40,Wanna Be,GloRilla and Megan Thee Stallion,2024,135,Hip-Hop,2024-04-05,1
41,Slow It Down,Benson Boone,2024,181,Pop,2024-03-21,1
42,Redrum,21 Savage,2024,172,Hip-Hop,2024-01-12,1
43,Houdini,Dua Lipa,2024,117,Pop,2023-11-09,1
44,Yeah Glo!,GloRilla,2024,148,Hip-Hop,2024-02-09,1
45,Rich Baby Daddy,Drake featuring Sexyy Red and SZA,2024,146,Hip-Hop,2023-10-13,1
46,What Was I Made For?,Billie Eilish,2024,79,Pop,2023-07-13,1
47,End of Beginning,Djo,2024,160,Pop,2024-03-01,1
48,Lunch,Billie Eilish,2024,125,Pop,2024-05-17,1
49,Never Lose Me,Flo Milli,2024,122,Hip-Hop,2023-11-30,1
50,Lies Lies Lies,Morgan Wallen,2024,81,Country,2024-07-05,1
51,Type Shit,"Future, Metro Boomin, Travis Scott, and Playboi Carti",2024,145,Hip-Hop,2024-03-22,1
52,Gata Only,FloyyMenor and Cris MJ,2024,100,Hip-Hop,2024-02-02,1
53,Hot to Go!,Chappell Roan,2024,140,Pop,2023-08-11,1
54,All I Want for Christmas Is You,Mariah Carey,2024,150,Pop,1994-10-29,1
55,Get It Sexyy,Sexyy Red,2024,145,Hip-Hop,2024-03-15,1
56,Made for Me,Muni Long,2024,120,R&B,2023-09-15,1
57,Vampire,Olivia Rodrigo,2024,137,Pop,2023-06-30,1
58,Whatever She Wants,Bryson Tiller,2024,96,Hip-Hop,2024-02-13,1
59,Rockin' Around the Christmas Tree,Brenda Lee,2024,67,Pop,1958-11-24,1
60,Pretty Little Poison,Warren Zeiders,2024,112,Country,2023-07-10,1
61,First Person Shooter,Drake featuring J. Cole,2024,164,Hip-Hop,2023-10-24,1
62,Die with a Smile,Lady Gaga and Bruno Mars,2024,158,Pop,2024-08-16,1
63,I Like the Way You Kiss Me,Artemas,2024,152,Pop,2024-03-19,1
64,Need a Favor,Jelly Roll,2024,158,Country,2022-12-09,1
65,Save Me,Jelly Roll featuring Lainey Wilson,2024,83,Country,2023-05-12,0
66,Euphoria,Kendrick Lamar,2024,140,Hip-Hop,2024-04-30,1
67,Truck Bed,Hardy,2024,132,Country,2023-05-15,1
68,Jingle Bell Rock,Bobby Helms,2024,120,Country,1957-11-28,1
69,Flowers,Miley Cyrus,2024,118,Pop,2023-01-12,1
70,Where the Wild Things Are,Luke Combs,2024,117,Country,2023-10-16,0
71,Everybody,Nicki Minaj featuring Lil Uzi Vert,2024,138,Hip-Hop,2024-01-09,1
72,La Diabla,Xavi,2024,132,Country,2023-11-30,1
73,Stargazing,Myles Smith,2024,124,Pop,2024-05-10,1
74,Last Christmas,Wham!,2024,108,Pop,1984-12-03,1
75,I Am Not Okay,Jelly Roll,2024,77,Country,2024-06-12,0
76,Pour Me a Drink,Post Malone featuring Blake Shelton,2024,119,Country,2024-06-21,1
77,White Horse,Chris Stapleton,2024,145,Country,2023-07-21,1
78,Lil Boo Thang,Paul Russell,2024,114,Pop,2023-08-18,1
79,Good Good,"Usher, Summer Walker and 21 Savage",2024,141,R&B,2023-08-04,1
80,Act II: Date @ 8,4Batz and Drake,2024,102,R&B,2023-12-15,1
81,High Road,Koe Wetzel featuring Jessie Murph,2024,138,Country,2024-06-07,1
82,Monaco,Bad Bunny,2024,139,Hip-Hop,2023-10-13,1
83,IDGAF,Drake featuring Yeat,2024,137,Hip-Hop,2023-10-06,1
84,Burn It Down,Parker McCollum,2024,162,Country,2023-06-19,1
85,FukUMean,Gunna,2024,130,Hip-Hop,2023-07-11,1
86,Taste,Sabrina Carpenter,2024,113,Pop,2024-08-23,1
87,Where It Ends,Bailey Zimmerman,2024,170,Country,2023-10-02,1
88,FTCU,Nicki Minaj,2024,145,Hip-Hop,2024-01-10,1
89,Wildflower,Billie Eilish,2024,148,Pop,2025-03-04,1
90,World on Fire,Nate Smith,2024,96,Country,2023-06-05,1
91,On My Mama,Victoria Monét,2024,153,R&B,2023-06-16,1
92,"Yes, And?",Ariana Grande,2024,119,Pop,2024-01-12,1
93,Exes,Tate McRae,2024,137,Pop,2023-11-17,1
94,A Holly Jolly Christmas,Burl Ives,2024,140,Pop,1965-10,1
95,Wind Up Missin' You,Tucker Wetmore,2024,172,Country,2024-03-29,1
96,Bulletproof,Nate Smith,2024,80,Country,2024-02-19,1
97,Fe!n,Travis Scott featuring Playboi Carti,2024,148,Hip-Hop,2024-03-12,1
98,The Painter,Cody Johnson,2024,98,Country,2023-08-11,1
99,Down Bad,Taylor Swift,2024,160,Pop,2024-04-19,0
100,Dance the Night,Dua Lipa,2024,110,Pop,2023-05-25,1
1,Die with a Smile,Lady Gaga and Bruno Mars,2025,158,Pop,2024-08-16,1
2,Luther,Kendrick Lamar and SZA,2025,138,R&B,2024-11-29,1
3,A Bar Song (Tipsy),Shaboozey,2025,81,Country ,2024-04-12,1
4,Lose Control,Teddy Swims,2025,160,R&B,2023-06-23,0
5,Birds of a Feather,Billie Eilish,2025,105,Pop,2024-05-17,1
6,Beautiful Things,Benson Boone,2025,105,Pop ,2024-01-19,1
7,Ordinary,Alex Warren,2025,112,Pop,2025-02-07,1
8,I Had Some Help,Post Malone featuring Morgan Wallen,2025,128,Country ,2024-05-10,1
9,APT.,Rosé and Bruno Mars,2025,149,Pop,2024-10-18,1
10,Pink Pony Club,Chappell Roan,2025,107,Pop,2020-04-03,1
11,Love Somebody,Morgan Wallen,2025,122,Country ,2024-10-18,0
12,Espresso,Sabrina Carpenter,2025,104,Pop,2024-04-11,1
13,I'm the Problem,Morgan Wallen,2025,92,Country ,2025-01-31,0
14,That's So True,Gracie Abrams,2025,109,Pop,2024-11-06,1
15,TV Off,Kendrick Lamar featuring Lefty Gunplay,2025,200,Hip-Hop,2024-11-26,0
16,Timeless,The Weeknd and Playboi Carti,2025,120,Hip-Hop,2024-09-27,1
17,Not Like Us,Kendrick Lamar,2025,101,Hip-Hop,2024-05-04,1
18,Just in Case,Morgan Wallen,2025,146,Country ,2025-03-21,0
19,Taste,Sabrina Carpenter,2025,113,Pop,2024-08-23,1
20,Squabble Up,Kendrick Lamar,2025,104,Hip-Hop,2024-11-26,1
21,30 for 30,SZA and Kendrick Lamar,2025,140,Hip-Hop,2025-01-07,0
22,Mutt,Leon Thomas,2025,180,R&B,2024-08-08,1
23,Good News,Shaboozey,2025,162,Country ,2024-11-15,1
24,Nokia,Drake,2025,106,Hip-Hop,2025-03-11,1
25,Golden,"Huntrix: Ejae, Audrey Nuna and Rei Ami",2025,123,Pop,2025-07-04,1
26,Wildflower,Billie Eilish,2025,148,Pop,2025-03-04,1
27,What I Want,Morgan Wallen featuring Tate McRae,2025,116,Pop,2025-05-20,0
28,Messy,Lola Young,2025,111,Pop,2024-05-30,1
29,Stargazing,Myles Smith,2025,124,Pop,2024-05-10,1
30,Love Me Not,Ravyn Lenae,2025,114,R&B,2024-05-03,1
31,"Good Luck, Babe!",Chappell Roan,2025,117,Pop,2024-04-05,1
32,No One Noticed,The Marías,2025,98,Pop,2024-05-03,1
33,All the Way,BigXthaPlug featuring Bailey Zimmerman,2025,135,Hip-Hop,2025-04-04,1
34,Too Sweet,Hozier,2025,117,Pop,2024-03-22,1
35,Worst Way,Riley Green,2025,198,Country ,2025-02-10,1
36,Sailor Song,Gigi Perez,2025,95,Country ,2024-07-26,1
37,Sorry I'm Here for Someone Else,Benson Boone,2025,150,Pop,2025-02-27,0
38,Manchild,Sabrina Carpenter,2025,123,Country ,2025-06-05,1
39,Anxiety,Doechii,2025,129,Hip-Hop,2025-03-04,1
40,I Got Better,Morgan Wallen,2025,85,Country ,2025-06-23,1
41,Sticky,"Tyler, the Creator featuring GloRilla, Sexyy Red and Lil Wayne",2025,80,Hip-Hop,2024-11-12,1
42,Undressed,Sombr,2025,116,Pop,2025-03-21,1
43,I Never Lie,Zach Top,2025,108,Country ,2024-11-25,0
44,Back to Friends,Sombr,2025,93,Pop,2024-12-27,1
45,Bed Chem,Sabrina Carpenter,2025,95,R&B,2024-10-08,0
46,Sports Car,Tate McRae,2025,107,Pop,2025-01-24,1
47,Mystical Magical,Benson Boone,2025,120,Pop,2025-04-24,1
48,Whatchu Kno About Me,GloRilla and Sexyy Red,2025,167,Hip-Hop,2024-10-22,1
49,Indigo,Sam Barber featuring Avery Anna,2025,83,Country ,2024-10-31,0
50,Please Please Please,Sabrina Carpenter,2025,107,Country,2024-06-06,1
51,DTMF,Bad Bunny,2025,136,Hip-Hop,2025-01-23,1
52,Blue Strips,Jessie Murph,2025,134,Pop,2025-04-11,1
53,Peekaboo,Kendrick Lamar featuring AzChike,2025,100,Hip-Hop,2025-02-26,1
54,Your Idol,"Saja Boys: Andrew Choi, Neckwav, Danny Chung, Kevin Woo and Samuil Lee",2025,90,Pop,2025-08-27,1
55,High Road,Koe Wetzel featuring Jessie Murph,2025,138,Country,2024-06-07,1
56,Abracadabra,Lady Gaga,2025,126,Pop,2025-02-03,1
57,Who,Jimin,2025,116,Hip-Hop,2024-07-19,1
58,Burning Blue,Mariah the Scientist,2025,120,R&B,2025-05-02,1
59,All I Want for Christmas Is You,Mariah Carey,2025,150,Pop,1994-10-29,1
60,Daisies,Justin Bieber,2025,110,Pop,2025-07-14,1
61,Soda Pop,"Saja Boys: Andrew Choi, Neckwav, Danny Chung, Kevin Woo and Samuil Lee",2025,126,Pop,2025-08-27,1
62,Like Him,"Tyler, the Creator featuring Lola Young",2025,96,R&B,2024-10-14,0
63,Residuals,Chris Brown,2025,115,R&B,2024-09-10,1
64,Smile,Morgan Wallen,2025,127,Country ,2024-12-31,1
65,Last Christmas,Wham!,2025,108,Pop,1984-12-03,1
66,Am I Okay?,Megan Moroney,2025,126,Country ,2024-08-26,1
67,Rockin' Around the Christmas Tree,Brenda Lee,2025,67,Pop,1958-11-24,1
68,How It's Done,"Huntrix: Ejae, Audrey Nuna and Rei Ami",2025,160,Pop,2026-01-13,1
69,Happen to Me,Russell Dickerson,2025,118,Country ,2025-03-10,1
70,Baile Inolvidable,Bad Bunny,2025,119,R&B,2025-01-09,1
71,Weren't for the Wind,Ella Langley,2025,152,Country ,2024-10-04,1
72,I Ain't Comin' Back,Morgan Wallen featuring Post Malone,2025,100,Country ,2025-04-18,0
73,Cry for Me,The Weeknd,2025,120,R&B,2025-02-04,1
74,Bad Dreams,Teddy Swims,2025,125,Pop,2024-09-13,1
75,Denial Is a River,Doechii,2025,93,Hip-Hop,2025-01-28,1
76,BMF,SZA,2025,128,Pop,2025-01-07,0
77,Eoo,Bad Bunny,2025,64,Hip-Hop,2025-04-22,0
78,I'm Gonna Love You,Cody Johnson and Carrie Underwood,2025,134,Country ,2024-09-27,1
79,I Am Not Okay,Jelly Roll,2025,77,Country,2024-06-12,0
80,Backup Plan,Bailey Zimmerman and Luke Combs,2025,158,Country ,2025-05-02,1
81,Jingle Bell Rock,Bobby Helms,2025,120,Country,1957-11-28,1
82,Revolving Door,Tate McRae,2025,148,Pop,2025-03-07,1
83,What It Sounds Like,"Huntrix: Ejae, Audrey Nuna and Rei Ami",2025,121,Pop,2025-06-20,1
84,Hard Fought Hallelujah,Brandon Lake and Jelly Roll,2025,144,Country ,2024-11-08,1
85,Somebody Loves Me,PartyNextDoor and Drake,2025,77,R&B,2025-03-11,1
86,Liar,Jelly Roll,2025,114,Country ,2024-08-02,1
87,Tu Boda,Óscar Maydon and Fuerza Regida,2025,113,Country ,2024-09-26,1
88,After All the Bars Are Closed,Thomas Rhett,2025,105,Country ,2024-08-09,1
89,Nuevayol,Bad Bunny,2025,138,Hip-Hop,2025-01-05,1
90,20 Cigarettes,Morgan Wallen,2025,98,Country ,2025-10-20,1
91,Rather Lie,Playboi Carti and the Weeknd,2025,133,Hip-Hop,2025-03-26,0
92,Free,Ejae and Andrew Choi,2025,140,Pop,2025-06-20,1
93,Takedown,"Huntrix: Ejae, Audrey Nuna and Rei Ami",2025,140,Pop,2025-06-20,1
94,Heart of a Woman,Summer Walker,2025,130,R&B,2024-10-25,1
95,House Again,Hudson Westbrook,2025,127,Country ,2025-02-24,1
96,Dark Thoughts,Lil Tecca,2025,102,Hip-Hop,2025-03-14,1
97,No Pole,Don Toliver,2025,85,Hip-Hop,2025-03-03,1
98,Folded,Kehlani,2025,136,R&B,2025-06-13,1
99,Superman,Morgan Wallen,2025,152,Country ,2025-05-09,0
100,Loco,Netón Vega,2025,92,Hip-Hop,2024-12-20,1